Workbook
Name Assemblies: Lists!$A$2:$A$9

Sheet Construction and Materials
B2: Construction & Materials Embodied Impacts
B3: Inventory and Impact Assessment
B5: Team: | C5: Island
D7: STV Progress
E9: GWP (kgCO2e) | F9: Energy (MJ) | G9: Water (kg) | H9: ODP (kgCFC11e) | L9: Ozone Depletion Potential
D10: Target | E10: =6.38*10^6*VLOOKUP($C$5,'LCA Data'!B115:K121,10,FALSE) -> 7396873.8 | F10: =1.51*10^8*VLOOKUP(C5,'LCA Data'!B115:M121,12,FALSE) -> 1.5596908e+08 | G10: =VLOOKUP($C$5,'LCA Data'!B115:L121,11,FALSE) -> 2.713874e+08 | H10: (minimize)
D11: Embodied | E11: =SUMIF($J$18:$J$58,">0",E18:E58) -> 4010979.8 | F11: =SUMIF($J$18:$J$58,">0",F18:F58) -> 30756534 | G11: =SUMIF($J$18:$J$58,">0",G18:G58) -> 46676816 | H11: =SUMIF($J$18:$J$58,">0",H18:H58) -> 0.1423865
D12: Used% | E12: =E11/E10 -> 0.54225337 | F12: =F11/F10 -> 0.19719636 | G12: =G11/G10 -> 0.17199331 | H12: -
D13: Use Phase | E13: ='Use Phase'!F13 -> 0 | F13: ='Use Phase'!G13 -> 0 | G13: ='Use Phase'!H13 -> 0 | H13: ='Use Phase'!I13 -> 0
D14: Used% | E14: =E13/E10 -> 0 | F14: =F13/F10 -> 0 | G14: =G13/G10 -> 0 | H14: -
D15: Total% | E15: =E14+E12 -> 0.54225337 | F15: =F14+F12 -> 0.19719636 | G15: =G14+G12 -> 0.17199331 | H15: -
B17: Assembly | C17: Material/Type | D17: Amount | E17: GWP (kgCO2e) | F17: Energy (MJ) | G17: Water (kg) | H17: ODP (kgCFC11e) | I17: Cell Range | J17: Sum? | K17: Num
B18: MEP | C18: Stainless Steel Duct (kg) | D18: =115%*8853 -> 10180.95 | E18: =IF(D18=0,"",D18*VLOOKUP(C18,'LCA Data'!$C$8:$G$107,2,FALSE)*K18) -> 34638.646 | F18: =IF(D18=0,"",D18*VLOOKUP(C18,'LCA Data'!$C$8:$G$107,3,FALSE)*K18) -> 276725.4 | G18: =IF(D18=0,"",D18*VLOOKUP(C18,'LCA Data'!$C$8:$G$107,4,FALSE)*K18) -> 194248.45 | H18: =IF(D18=0,"",D18*VLOOKUP(C18,'LCA Data'!$C$8:$G$107,5,FALSE)*K18) -> 3.6040563e-05 | I18: =IF(B18="Foundation","Lists!B1:B7",IF(B18="Interior Wall","Lists!C1:C6",IF(B18="Exterior Wall","Lists!D1:D11",IF(B18="Floor","Lists!E1:E11",IF(B18="Roof","Lists!F1:F8",IF(B18="Window","Lists!G1:G7",IF(B18="Columns","Lists!H1:H5",IF(B18="Beams","Lists!I1:I5",IF(B18="MEP","Lists!J1:J19",IF(B18="Energy","Lists!K1:K11",IF(B18="Misc","Lists!L1:L9","Lists!M1"))))))))))) -> Lists!J1:J19 | J18: =IF(ISNA(E18),0,1) -> 1 | K18: =IF(D18=0,"",VLOOKUP(C18,'LCA Data'!$C$8:$T$107,18,FALSE)) -> 1
B19: MEP | C19: Air Handling Unit (m^3/s) | D19: =(760+120)*(1/3600)+0.54 -> 0.78444444 | E19: =IF(D19=0,"",D19*VLOOKUP(C19,'LCA Data'!$C$8:$G$107,2,FALSE)*K19) -> 6332.7248 | F19: =IF(D19=0,"",D19*VLOOKUP(C19,'LCA Data'!$C$8:$G$107,3,FALSE)*K19) -> 79255.543 | G19: =IF(D19=0,"",D19*VLOOKUP(C19,'LCA Data'!$C$8:$G$107,4,FALSE)*K19) -> 47833.778 | H19: =IF(D19=0,"",D19*VLOOKUP(C19,'LCA Data'!$C$8:$G$107,5,FALSE)*K19) -> 0.00049738484 | I19: =IF(B19="Foundation","Lists!B1:B7",IF(B19="Interior Wall","Lists!C1:C6",IF(B19="Exterior Wall","Lists!D1:D11",IF(B19="Floor","Lists!E1:E11",IF(B19="Roof","Lists!F1:F8",IF(B19="Window","Lists!G1:G7",IF(B19="Columns","Lists!H1:H5",IF(B19="Beams","Lists!I1:I5",IF(B19="MEP","Lists!J1:J19",IF(B19="Energy","Lists!K1:K11",IF(B19="Misc","Lists!L1:L9","Lists!M1"))))))))))) -> Lists!J1:J19 | J19: =IF(ISNA(E19),0,1) -> 1 | K19: =IF(D19=0,"",VLOOKUP(C19,'LCA Data'!$C$8:$T$107,18,FALSE)) -> 2
B20: Floor | C20: Wood System (sf) | D20: 34275 | E20: =IF(D20=0,"",D20*VLOOKUP(C20,'LCA Data'!$C$8:$G$107,2,FALSE)*K20) -> 272057.33 | F20: =IF(D20=0,"",D20*VLOOKUP(C20,'LCA Data'!$C$8:$G$107,3,FALSE)*K20) -> 3736166.9 | G20: =IF(D20=0,"",D20*VLOOKUP(C20,'LCA Data'!$C$8:$G$107,4,FALSE)*K20) -> 2895143.1 | H20: =IF(D20=0,"",D20*VLOOKUP(C20,'LCA Data'!$C$8:$G$107,5,FALSE)*K20) -> 0.00076997759 | I20: =IF(B20="Foundation","Lists!B1:B7",IF(B20="Interior Wall","Lists!C1:C6",IF(B20="Exterior Wall","Lists!D1:D11",IF(B20="Floor","Lists!E1:E11",IF(B20="Roof","Lists!F1:F8",IF(B20="Window","Lists!G1:G7",IF(B20="Columns","Lists!H1:H5",IF(B20="Beams","Lists!I1:I5",IF(B20="MEP","Lists!J1:J19",IF(B20="Energy","Lists!K1:K11",IF(B20="Misc","Lists!L1:L9","Lists!M1"))))))))))) -> Lists!E1:E11 | J20: =IF(ISNA(E20),0,1) -> 1 | K20: =IF(D20=0,"",VLOOKUP(C20,'LCA Data'!$C$8:$T$107,18,FALSE)) -> 1
B21: Columns | C21: Wood Column (kg) | D21: 2709 | E21: =IF(D21=0,"",D21*VLOOKUP(C21,'LCA Data'!$C$8:$G$107,2,FALSE)*K21) -> 2639.9205 | F21: =IF(D21=0,"",D21*VLOOKUP(C21,'LCA Data'!$C$8:$G$107,3,FALSE)*K21) -> 34690.131 | G21: =IF(D21=0,"",D21*VLOOKUP(C21,'LCA Data'!$C$8:$G$107,4,FALSE)*K21) -> 21494.698 | H21: =IF(D21=0,"",D21*VLOOKUP(C21,'LCA Data'!$C$8:$G$107,5,FALSE)*K21) -> 9.6666331e-06 | I21: =IF(B21="Foundation","Lists!B1:B7",IF(B21="Interior Wall","Lists!C1:C6",IF(B21="Exterior Wall","Lists!D1:D11",IF(B21="Floor","Lists!E1:E11",IF(B21="Roof","Lists!F1:F8",IF(B21="Window","Lists!G1:G7",IF(B21="Columns","Lists!H1:H5",IF(B21="Beams","Lists!I1:I5",IF(B21="MEP","Lists!J1:J19",IF(B21="Energy","Lists!K1:K11",IF(B21="Misc","Lists!L1:L9","Lists!M1"))))))))))) -> Lists!H1:H5 | J21: =IF(ISNA(E21),0,1) -> 1 | K21: =IF(D21=0,"",VLOOKUP(C21,'LCA Data'!$C$8:$T$107,18,FALSE)) -> 1
B22: Foundation | C22: Concrete Slab (cy) | D22: 10337 | E22: =IF(D22=0,"",D22*VLOOKUP(C22,'LCA Data'!$C$8:$G$107,2,FALSE)*K22) -> 3517562.9 | F22: =IF(D22=0,"",D22*VLOOKUP(C22,'LCA Data'!$C$8:$G$107,3,FALSE)*K22) -> 24200140 | G22: =IF(D22=0,"",D22*VLOOKUP(C22,'LCA Data'!$C$8:$G$107,4,FALSE)*K22) -> 41055352 | H22: =IF(D22=0,"",D22*VLOOKUP(C22,'LCA Data'!$C$8:$G$107,5,FALSE)*K22) -> 0.13822776 | I22: =IF(B22="Foundation","Lists!B1:B7",IF(B22="Interior Wall","Lists!C1:C6",IF(B22="Exterior Wall","Lists!D1:D11",IF(B22="Floor","Lists!E1:E11",IF(B22="Roof","Lists!F1:F8",IF(B22="Window","Lists!G1:G7",IF(B22="Columns","Lists!H1:H5",IF(B22="Beams","Lists!I1:I5",IF(B22="MEP","Lists!J1:J19",IF(B22="Energy","Lists!K1:K11",IF(B22="Misc","Lists!L1:L9","Lists!M1"))))))))))) -> Lists!B1:B7 | J22: =IF(ISNA(E22),0,1) -> 1 | K22: =IF(D22=0,"",VLOOKUP(C22,'LCA Data'!$C$8:$T$107,18,FALSE)) -> 1
B23: Interior Wall | C23: Curtain Wall (sf) | D23: 12826 | E23: =IF(D23=0,"",D23*VLOOKUP(C23,'LCA Data'!$C$8:$G$107,2,FALSE)*K23) -> 177748.22 | F23: =IF(D23=0,"",D23*VLOOKUP(C23,'LCA Data'!$C$8:$G$107,3,FALSE)*K23) -> 2429556.2 | G23: =IF(D23=0,"",D23*VLOOKUP(C23,'LCA Data'!$C$8:$G$107,4,FALSE)*K23) -> 2462744 | H23: =IF(D23=0,"",D23*VLOOKUP(C23,'LCA Data'!$C$8:$G$107,5,FALSE)*K23) -> 0.0028456661 | I23: =IF(B23="Foundation","Lists!B1:B7",IF(B23="Interior Wall","Lists!C1:C6",IF(B23="Exterior Wall","Lists!D1:D11",IF(B23="Floor","Lists!E1:E11",IF(B23="Roof","Lists!F1:F8",IF(B23="Window","Lists!G1:G7",IF(B23="Columns","Lists!H1:H5",IF(B23="Beams","Lists!I1:I5",IF(B23="MEP","Lists!J1:J19",IF(B23="Energy","Lists!K1:K11",IF(B23="Misc","Lists!L1:L9","Lists!M1"))))))))))) -> Lists!C1:C6 | J23: =IF(ISNA(E23),0,1) -> 1 | K23: =IF(D23=0,"",VLOOKUP(C23,'LCA Data'!$C$8:$T$107,18,FALSE)) -> 1
B24: Pick Assembly | C24: Pick Type | E24: =IF(D24=0,"",D24*VLOOKUP(C24,'LCA Data'!$C$8:$G$107,2,FALSE)*K24) | F24: =IF(D24=0,"",D24*VLOOKUP(C24,'LCA Data'!$C$8:$G$107,3,FALSE)*K24) | G24: =IF(D24=0,"",D24*VLOOKUP(C24,'LCA Data'!$C$8:$G$107,4,FALSE)*K24) | H24: =IF(D24=0,"",D24*VLOOKUP(C24,'LCA Data'!$C$8:$G$107,5,FALSE)*K24) | I24: =IF(B24="Foundation","Lists!B1:B7",IF(B24="Interior Wall","Lists!C1:C6",IF(B24="Exterior Wall","Lists!D1:D11",IF(B24="Floor","Lists!E1:E11",IF(B24="Roof","Lists!F1:F8",IF(B24="Window","Lists!G1:G7",IF(B24="Columns","Lists!H1:H5",IF(B24="Beams","Lists!I1:I5",IF(B24="MEP","Lists!J1:J19",IF(B24="Energy","Lists!K1:K11",IF(B24="Misc","Lists!L1:L9","Lists!M1"))))))))))) -> Lists!M1 | J24: =IF(ISNA(E24),0,1) -> 1 | K24: =IF(D24=0,"",VLOOKUP(C24,'LCA Data'!$C$8:$T$107,18,FALSE))
B25: Pick Assembly | C25: Pick Type | E25: =IF(D25=0,"",D25*VLOOKUP(C25,'LCA Data'!$C$8:$G$107,2,FALSE)*K25) | F25: =IF(D25=0,"",D25*VLOOKUP(C25,'LCA Data'!$C$8:$G$107,3,FALSE)*K25) | G25: =IF(D25=0,"",D25*VLOOKUP(C25,'LCA Data'!$C$8:$G$107,4,FALSE)*K25) | H25: =IF(D25=0,"",D25*VLOOKUP(C25,'LCA Data'!$C$8:$G$107,5,FALSE)*K25) | I25: =IF(B25="Foundation","Lists!B1:B7",IF(B25="Interior Wall","Lists!C1:C6",IF(B25="Exterior Wall","Lists!D1:D11",IF(B25="Floor","Lists!E1:E11",IF(B25="Roof","Lists!F1:F8",IF(B25="Window","Lists!G1:G7",IF(B25="Columns","Lists!H1:H5",IF(B25="Beams","Lists!I1:I5",IF(B25="MEP","Lists!J1:J19",IF(B25="Energy","Lists!K1:K11",IF(B25="Misc","Lists!L1:L9","Lists!M1"))))))))))) -> Lists!M1 | J25: =IF(ISNA(E25),0,1) -> 1 | K25: =IF(D25=0,"",VLOOKUP(C25,'LCA Data'!$C$8:$T$107,18,FALSE))
B26: Pick Assembly | C26: Pick Type | E26: =IF(D26=0,"",D26*VLOOKUP(C26,'LCA Data'!$C$8:$G$107,2,FALSE)*K26) | F26: =IF(D26=0,"",D26*VLOOKUP(C26,'LCA Data'!$C$8:$G$107,3,FALSE)*K26) | G26: =IF(D26=0,"",D26*VLOOKUP(C26,'LCA Data'!$C$8:$G$107,4,FALSE)*K26) | H26: =IF(D26=0,"",D26*VLOOKUP(C26,'LCA Data'!$C$8:$G$107,5,FALSE)*K26) | I26: =IF(B26="Foundation","Lists!B1:B7",IF(B26="Interior Wall","Lists!C1:C6",IF(B26="Exterior Wall","Lists!D1:D11",IF(B26="Floor","Lists!E1:E11",IF(B26="Roof","Lists!F1:F8",IF(B26="Window","Lists!G1:G7",IF(B26="Columns","Lists!H1:H5",IF(B26="Beams","Lists!I1:I5",IF(B26="MEP","Lists!J1:J19",IF(B26="Energy","Lists!K1:K11",IF(B26="Misc","Lists!L1:L9","Lists!M1"))))))))))) -> Lists!M1 | J26: =IF(ISNA(E26),0,1) -> 1 | K26: =IF(D26=0,"",VLOOKUP(C26,'LCA Data'!$C$8:$T$107,18,FALSE))
B27: Pick Assembly | C27: Pick Type | E27: =IF(D27=0,"",D27*VLOOKUP(C27,'LCA Data'!$C$8:$G$107,2,FALSE)*K27) | F27: =IF(D27=0,"",D27*VLOOKUP(C27,'LCA Data'!$C$8:$G$107,3,FALSE)*K27) | G27: =IF(D27=0,"",D27*VLOOKUP(C27,'LCA Data'!$C$8:$G$107,4,FALSE)*K27) | H27: =IF(D27=0,"",D27*VLOOKUP(C27,'LCA Data'!$C$8:$G$107,5,FALSE)*K27) | I27: =IF(B27="Foundation","Lists!B1:B7",IF(B27="Interior Wall","Lists!C1:C6",IF(B27="Exterior Wall","Lists!D1:D11",IF(B27="Floor","Lists!E1:E11",IF(B27="Roof","Lists!F1:F8",IF(B27="Window","Lists!G1:G7",IF(B27="Columns","Lists!H1:H5",IF(B27="Beams","Lists!I1:I5",IF(B27="MEP","Lists!J1:J19",IF(B27="Energy","Lists!K1:K11",IF(B27="Misc","Lists!L1:L9","Lists!M1"))))))))))) -> Lists!M1 | J27: =IF(ISNA(E27),0,1) -> 1 | K27: =IF(D27=0,"",VLOOKUP(C27,'LCA Data'!$C$8:$T$107,18,FALSE))
B28: Pick Assembly | C28: Pick Type | E28: =IF(D28=0,"",D28*VLOOKUP(C28,'LCA Data'!$C$8:$G$107,2,FALSE)*K28) | F28: =IF(D28=0,"",D28*VLOOKUP(C28,'LCA Data'!$C$8:$G$107,3,FALSE)*K28) | G28: =IF(D28=0,"",D28*VLOOKUP(C28,'LCA Data'!$C$8:$G$107,4,FALSE)*K28) | H28: =IF(D28=0,"",D28*VLOOKUP(C28,'LCA Data'!$C$8:$G$107,5,FALSE)*K28) | I28: =IF(B28="Foundation","Lists!B1:B7",IF(B28="Interior Wall","Lists!C1:C6",IF(B28="Exterior Wall","Lists!D1:D11",IF(B28="Floor","Lists!E1:E11",IF(B28="Roof","Lists!F1:F8",IF(B28="Window","Lists!G1:G7",IF(B28="Columns","Lists!H1:H5",IF(B28="Beams","Lists!I1:I5",IF(B28="MEP","Lists!J1:J19",IF(B28="Energy","Lists!K1:K11",IF(B28="Misc","Lists!L1:L9","Lists!M1"))))))))))) -> Lists!M1 | J28: =IF(ISNA(E28),0,1) -> 1 | K28: =IF(D28=0,"",VLOOKUP(C28,'LCA Data'!$C$8:$T$107,18,FALSE))
B29: Pick Assembly | C29: Pick Type | E29: =IF(D29=0,"",D29*VLOOKUP(C29,'LCA Data'!$C$8:$G$107,2,FALSE)*K29) | F29: =IF(D29=0,"",D29*VLOOKUP(C29,'LCA Data'!$C$8:$G$107,3,FALSE)*K29) | G29: =IF(D29=0,"",D29*VLOOKUP(C29,'LCA Data'!$C$8:$G$107,4,FALSE)*K29) | H29: =IF(D29=0,"",D29*VLOOKUP(C29,'LCA Data'!$C$8:$G$107,5,FALSE)*K29) | I29: =IF(B29="Foundation","Lists!B1:B7",IF(B29="Interior Wall","Lists!C1:C6",IF(B29="Exterior Wall","Lists!D1:D11",IF(B29="Floor","Lists!E1:E11",IF(B29="Roof","Lists!F1:F8",IF(B29="Window","Lists!G1:G7",IF(B29="Columns","Lists!H1:H5",IF(B29="Beams","Lists!I1:I5",IF(B29="MEP","Lists!J1:J19",IF(B29="Energy","Lists!K1:K11",IF(B29="Misc","Lists!L1:L9","Lists!M1"))))))))))) -> Lists!M1 | J29: =IF(ISNA(E29),0,1) -> 1 | K29: =IF(D29=0,"",VLOOKUP(C29,'LCA Data'!$C$8:$T$107,18,FALSE))
B30: Pick Assembly | C30: Pick Type | E30: =IF(D30=0,"",D30*VLOOKUP(C30,'LCA Data'!$C$8:$G$107,2,FALSE)*K30) | F30: =IF(D30=0,"",D30*VLOOKUP(C30,'LCA Data'!$C$8:$G$107,3,FALSE)*K30) | G30: =IF(D30=0,"",D30*VLOOKUP(C30,'LCA Data'!$C$8:$G$107,4,FALSE)*K30) | H30: =IF(D30=0,"",D30*VLOOKUP(C30,'LCA Data'!$C$8:$G$107,5,FALSE)*K30) | I30: =IF(B30="Foundation","Lists!B1:B7",IF(B30="Interior Wall","Lists!C1:C6",IF(B30="Exterior Wall","Lists!D1:D11",IF(B30="Floor","Lists!E1:E11",IF(B30="Roof","Lists!F1:F8",IF(B30="Window","Lists!G1:G7",IF(B30="Columns","Lists!H1:H5",IF(B30="Beams","Lists!I1:I5",IF(B30="MEP","Lists!J1:J19",IF(B30="Energy","Lists!K1:K11",IF(B30="Misc","Lists!L1:L9","Lists!M1"))))))))))) -> Lists!M1 | J30: =IF(ISNA(E30),0,1) -> 1 | K30: =IF(D30=0,"",VLOOKUP(C30,'LCA Data'!$C$8:$T$107,18,FALSE))
B31: Pick Assembly | C31: Pick Type | E31: =IF(D31=0,"",D31*VLOOKUP(C31,'LCA Data'!$C$8:$G$107,2,FALSE)*K31) | F31: =IF(D31=0,"",D31*VLOOKUP(C31,'LCA Data'!$C$8:$G$107,3,FALSE)*K31) | G31: =IF(D31=0,"",D31*VLOOKUP(C31,'LCA Data'!$C$8:$G$107,4,FALSE)*K31) | H31: =IF(D31=0,"",D31*VLOOKUP(C31,'LCA Data'!$C$8:$G$107,5,FALSE)*K31) | I31: =IF(B31="Foundation","Lists!B1:B7",IF(B31="Interior Wall","Lists!C1:C6",IF(B31="Exterior Wall","Lists!D1:D11",IF(B31="Floor","Lists!E1:E11",IF(B31="Roof","Lists!F1:F8",IF(B31="Window","Lists!G1:G7",IF(B31="Columns","Lists!H1:H5",IF(B31="Beams","Lists!I1:I5",IF(B31="MEP","Lists!J1:J19",IF(B31="Energy","Lists!K1:K11",IF(B31="Misc","Lists!L1:L9","Lists!M1"))))))))))) -> Lists!M1 | J31: =IF(ISNA(E31),0,1) -> 1 | K31: =IF(D31=0,"",VLOOKUP(C31,'LCA Data'!$C$8:$T$107,18,FALSE))
B32: Pick Assembly | C32: Pick Type | E32: =IF(D32=0,"",D32*VLOOKUP(C32,'LCA Data'!$C$8:$G$107,2,FALSE)*K32) | F32: =IF(D32=0,"",D32*VLOOKUP(C32,'LCA Data'!$C$8:$G$107,3,FALSE)*K32) | G32: =IF(D32=0,"",D32*VLOOKUP(C32,'LCA Data'!$C$8:$G$107,4,FALSE)*K32) | H32: =IF(D32=0,"",D32*VLOOKUP(C32,'LCA Data'!$C$8:$G$107,5,FALSE)*K32) | I32: =IF(B32="Foundation","Lists!B1:B7",IF(B32="Interior Wall","Lists!C1:C6",IF(B32="Exterior Wall","Lists!D1:D11",IF(B32="Floor","Lists!E1:E11",IF(B32="Roof","Lists!F1:F8",IF(B32="Window","Lists!G1:G7",IF(B32="Columns","Lists!H1:H5",IF(B32="Beams","Lists!I1:I5",IF(B32="MEP","Lists!J1:J19",IF(B32="Energy","Lists!K1:K11",IF(B32="Misc","Lists!L1:L9","Lists!M1"))))))))))) -> Lists!M1 | J32: =IF(ISNA(E32),0,1) -> 1 | K32: =IF(D32=0,"",VLOOKUP(C32,'LCA Data'!$C$8:$T$107,18,FALSE))
B33: Pick Assembly | C33: Pick Type | E33: =IF(D33=0,"",D33*VLOOKUP(C33,'LCA Data'!$C$8:$G$107,2,FALSE)*K33) | F33: =IF(D33=0,"",D33*VLOOKUP(C33,'LCA Data'!$C$8:$G$107,3,FALSE)*K33) | G33: =IF(D33=0,"",D33*VLOOKUP(C33,'LCA Data'!$C$8:$G$107,4,FALSE)*K33) | H33: =IF(D33=0,"",D33*VLOOKUP(C33,'LCA Data'!$C$8:$G$107,5,FALSE)*K33) | I33: =IF(B33="Foundation","Lists!B1:B7",IF(B33="Interior Wall","Lists!C1:C6",IF(B33="Exterior Wall","Lists!D1:D11",IF(B33="Floor","Lists!E1:E11",IF(B33="Roof","Lists!F1:F8",IF(B33="Window","Lists!G1:G7",IF(B33="Columns","Lists!H1:H5",IF(B33="Beams","Lists!I1:I5",IF(B33="MEP","Lists!J1:J19",IF(B33="Energy","Lists!K1:K11",IF(B33="Misc","Lists!L1:L9","Lists!M1"))))))))))) -> Lists!M1 | J33: =IF(ISNA(E33),0,1) -> 1 | K33: =IF(D33=0,"",VLOOKUP(C33,'LCA Data'!$C$8:$T$107,18,FALSE))
B34: Pick Assembly | C34: Pick Type | E34: =IF(D34=0,"",D34*VLOOKUP(C34,'LCA Data'!$C$8:$G$107,2,FALSE)*K34) | F34: =IF(D34=0,"",D34*VLOOKUP(C34,'LCA Data'!$C$8:$G$107,3,FALSE)*K34) | G34: =IF(D34=0,"",D34*VLOOKUP(C34,'LCA Data'!$C$8:$G$107,4,FALSE)*K34) | H34: =IF(D34=0,"",D34*VLOOKUP(C34,'LCA Data'!$C$8:$G$107,5,FALSE)*K34) | I34: =IF(B34="Foundation","Lists!B1:B7",IF(B34="Interior Wall","Lists!C1:C6",IF(B34="Exterior Wall","Lists!D1:D11",IF(B34="Floor","Lists!E1:E11",IF(B34="Roof","Lists!F1:F8",IF(B34="Window","Lists!G1:G7",IF(B34="Columns","Lists!H1:H5",IF(B34="Beams","Lists!I1:I5",IF(B34="MEP","Lists!J1:J19",IF(B34="Energy","Lists!K1:K11",IF(B34="Misc","Lists!L1:L9","Lists!M1"))))))))))) -> Lists!M1 | J34: =IF(ISNA(E34),0,1) -> 1 | K34: =IF(D34=0,"",VLOOKUP(C34,'LCA Data'!$C$8:$T$107,18,FALSE))
B35: Pick Assembly | C35: Pick Type | E35: =IF(D35=0,"",D35*VLOOKUP(C35,'LCA Data'!$C$8:$G$107,2,FALSE)*K35) | F35: =IF(D35=0,"",D35*VLOOKUP(C35,'LCA Data'!$C$8:$G$107,3,FALSE)*K35) | G35: =IF(D35=0,"",D35*VLOOKUP(C35,'LCA Data'!$C$8:$G$107,4,FALSE)*K35) | H35: =IF(D35=0,"",D35*VLOOKUP(C35,'LCA Data'!$C$8:$G$107,5,FALSE)*K35) | I35: =IF(B35="Foundation","Lists!B1:B7",IF(B35="Interior Wall","Lists!C1:C6",IF(B35="Exterior Wall","Lists!D1:D11",IF(B35="Floor","Lists!E1:E11",IF(B35="Roof","Lists!F1:F8",IF(B35="Window","Lists!G1:G7",IF(B35="Columns","Lists!H1:H5",IF(B35="Beams","Lists!I1:I5",IF(B35="MEP","Lists!J1:J19",IF(B35="Energy","Lists!K1:K11",IF(B35="Misc","Lists!L1:L9","Lists!M1"))))))))))) -> Lists!M1 | J35: =IF(ISNA(E35),0,1) -> 1 | K35: =IF(D35=0,"",VLOOKUP(C35,'LCA Data'!$C$8:$T$107,18,FALSE))
... B58: Pick Assembly | C58: Pick Type | E58: =IF(D58=0,"",D58*VLOOKUP(C58,'LCA Data'!$C$8:$G$107,2,FALSE)*K58) | F58: =IF(D58=0,"",D58*VLOOKUP(C58,'LCA Data'!$C$8:$G$107,3,FALSE)*K58) | G58: =IF(D58=0,"",D58*VLOOKUP(C58,'LCA Data'!$C$8:$G$107,4,FALSE)*K58) | H58: =IF(D58=0,"",D58*VLOOKUP(C58,'LCA Data'!$C$8:$G$107,5,FALSE)*K58) | I58: =IF(B58="Foundation","Lists!B1:B7",IF(B58="Interior Wall","Lists!C1:C6",IF(B58="Exterior Wall","Lists!D1:D11",IF(B58="Floor","Lists!E1:E11",IF(B58="Roof","Lists!F1:F8",IF(B58="Window","Lists!G1:G7",IF(B58="Columns","Lists!H1:H5",IF(B58="Beams","Lists!I1:I5",IF(B58="MEP","Lists!J1:J19",IF(B58="Energy","Lists!K1:K11",IF(B58="Misc","Lists!L1:L9","Lists!M1"))))))))))) -> Lists!M1 | J58: =IF(ISNA(E58),0,1) -> 1 | K58: =IF(D58=0,"",VLOOKUP(C58,'LCA Data'!$C$8:$T$107,18,FALSE))

Sheet Use Phase
B2: Use Phase Impacts
B3: Inventory and Impact Assessment
B5: Team: | C5: Island
E7: STV Progress
F9: GWP (kgCO2e) | G9: Energy (MJ) | H9: Water (kg) | I9: ODP (kgCFC11e)
E10: Target | F10: =6.38*10^6*VLOOKUP($C$5,'LCA Data'!B115:L121,10,FALSE) -> 7396873.8 | G10: =1.51*10^8*VLOOKUP(C5,'LCA Data'!B115:M121,12,FALSE) -> 1.5596908e+08 | H10: =VLOOKUP($C$5,'LCA Data'!B115:M121,11,FALSE) -> 2.713874e+08 | I10: (minimize)
E11: Embodied | F11: ='Construction and Materials'!E11 -> 4010979.8 | G11: ='Construction and Materials'!F11 -> 30756534 | H11: ='Construction and Materials'!G11 -> 46676816 | I11: ='Construction and Materials'!H11 -> 0.1423865
E12: Used% | F12: =F11/F10 -> 0.54225337 | G12: =G11/G10 -> 0.19719636 | H12: =H11/H10 -> 0.17199331 | I12: -
E13: Use Phase | F13: =(F19+F23+F25+F27+F29+F39+F40)*50 -> 0 | G13: =(G19+G23+G25+G27+G29+G39+G40)*50 -> 0 | H13: =(H19+H23+H25+H27+H29+H39+H40)*50 -> 0 | I13: =(I19+I23+I25+I27+I29+I39+I40)*50 -> 0
E14: Used% | F14: =F13/F10 -> 0 | G14: =G13/G10 -> 0 | H14: =H13/H10 -> 0 | I14: -
E15: Total% | F15: =F14+F12 -> 0.54225337 | G15: =G14+G12 -> 0.19719636 | H15: =H14+H12 -> 0.17199331 | I15: -
F17: Annual Impacts
B18: Energy Use | F18: GWP (kgCO2e) | G18: Energy (MJ) | H18: Water (kg) | I18: ODP (kgCFC11e)
B19: Electricity Drawn from Grid: | E19: kWh | F19: =VLOOKUP($C$5,'LCA Data'!B115:J121,2,FALSE)*$D$19 -> 0 | G19: =VLOOKUP($C$5,'LCA Data'!B115:J121,7,FALSE)*$D$19 -> 0 | H19: =VLOOKUP($C$5,'LCA Data'!B115:J121,8,FALSE)*$D$19 -> 0 | I19: =VLOOKUP($C$5,'LCA Data'!B115:J121,9,FALSE)*$D$19 -> 0
B20: On-site Renewable Electricity: | E20: kWh | F20: =0*$D$20 -> 0 | G20: =0*$D$20 -> 0 | H20: =0*$D$20 -> 0 | I20: =0*$D$20 -> 0
B21: =IF(C5="Ridge","District Heating:","Cogeneration:") -> Cogeneration:
C22: Fuel Type | D22: Select Fuel
C23: =IF($C$5="Atlantic","Thermal Energy","Electricity") -> Electricity | E23: kWh | F23: =IF($D$22="Select Fuel",0,$D23*(1/($D$24+$D$26+$D$28))*VLOOKUP($D$22,'Cogen Data'!$B$5:$J$14,9,FALSE)*($D$24/($D$24+$D$26+$D$28))*3.6) -> 0 | G23: =IF($D$22="Select Fuel",0,$D23*(1/($D$24+$D$26+$D$28))*($D$24/($D$24+$D$26+$D$28))*3.6) -> 0 | H23: =IF($D$22="Select Fuel",0,$D23*(1/($D$24+$D$26+$D$28))*VLOOKUP($D$22,'Cogen Data'!$B$5:$J$14,6,FALSE)/VLOOKUP($D$22,'Cogen Data'!$B$5:$J$14,8,FALSE)*($D$24/($D$24+$D$26+$D$28))*3.6) -> 0 | I23: =IF($D$22="Select Fuel",0,$D23*(1/($D$24+$D$26+$D$28))*VLOOKUP($D$22,'Cogen Data'!$B$5:$J$14,7,FALSE)/VLOOKUP($D$22,'Cogen Data'!$B$5:$J$14,8,FALSE)*($D$24/($D$24+$D$26+$D$28))*3.6) -> 0
C24: Electricity Split | D24: 0
C25: Heating | E25: MJ | F25: =IF($D$22="Select Fuel",0,$D25*(1/($D$24+$D$26+$D$28))*VLOOKUP($D$22,'Cogen Data'!$B$5:$J$14,9,FALSE)*($D$26/($D$24+$D$26+$D$28))) -> 0 | G25: =IF($D$22="Select Fuel",0,$D25*(1/($D$24+$D$26+$D$28))*($D$26/($D$24+$D$26+$D$28))) -> 0 | H25: =IF($D$22="Select Fuel",0,$D25*(1/($D$24+$D$26+$D$28))*VLOOKUP($D$22,'Cogen Data'!$B$5:$J$14,6,FALSE)/VLOOKUP($D$22,'Cogen Data'!$B$5:$J$14,8,FALSE)*($D$26/($D$24+$D$26+$D$28))) -> 0 | I25: =IF($D$22="Select Fuel",0,$D25*(1/($D$24+$D$26+$D$28))*VLOOKUP($D$22,'Cogen Data'!$B$5:$J$14,7,FALSE)/VLOOKUP($D$22,'Cogen Data'!$B$5:$J$14,8,FALSE)*($D$26/($D$24+$D$26+$D$28))) -> 0
C26: Heating Split | D26: 0
C27: Cooling | E27: kWh | F27: =IF($D$22="Select Fuel",0,$D27*(1/($D$24+$D$26+$D$28))*VLOOKUP($D$22,'Cogen Data'!$B$5:$J$14,9,FALSE)*($D$28/($D$24+$D$26+$D$28))*3.6) -> 0 | G27: =IF($D$22="Select Fuel",0,$D27*(1/($D$24+$D$26+$D$28))*($D$28/($D$24+$D$26+$D$28))*3.6) -> 0 | H27: =IF($D$22="Select Fuel",0,$D27*(1/($D$24+$D$26+$D$28))*VLOOKUP($D$22,'Cogen Data'!$B$5:$J$14,6,FALSE)/VLOOKUP($D$22,'Cogen Data'!$B$5:$J$14,8,FALSE)*($D$28/($D$24+$D$26+$D$28))*3.6) -> 0 | I27: =IF($D$22="Select Fuel",0,$D27*(1/($D$24+$D$26+$D$28))*VLOOKUP($D$22,'Cogen Data'!$B$5:$J$14,7,FALSE)/VLOOKUP($D$22,'Cogen Data'!$B$5:$J$14,8,FALSE)*($D$28/($D$24+$D$26+$D$28))*3.6) -> 0
C28: Cooling Split | D28: 0
B29: Natural Gas Use: | E29: m^3 | F29: =$D$29*37*10^6/(1.055*10^9)*(117/2.2) + $D$29*0.38 -> 0 | G29: =37*D29 -> 0 | H29: =0.00618*1000*$D$29 -> 0 | I29: =$D$29*3.07*10^-7 -> 0
B31: Water Use | F31: GWP (kgCO2e) | G31: Energy (MJ) | H31: Water (kg) | I31: ODP (kgCFC11e)
B32: Toilet Flow Rate: | D32: 0 | E32: gal/flush | F32: =900*3*250*IF(NOT(ISBLANK($D$33)),0.75,1)*$D32*0.000317*3.79 -> 0 | G32: =900*3*250*IF(NOT(ISBLANK($D$33)),0.75,1)*$D32*8.44*10^-5*41.868*3.79 -> 0 | H32: =900*3*250*IF(NOT(ISBLANK($D$33)),0.75,1)*$D32*(1+0.00113*1000)*3.79 -> 0 | I32: =900*3*250*IF(NOT(ISBLANK($D$33)),0.75,1)*$D32*1.62*10^-11*3.79 -> 0
B33: Urinal Flow Rate: | D33: 0 | E33: gal/flush | F33: =900*3*250*0.25*$D33*0.000317*3.79 -> 0 | G33: =900*3*250*0.25*$D33*8.44*10^-5*41.868*3.79 -> 0 | H33: =900*3*250*0.25*$D33*(1+0.00113*1000)*3.79 -> 0 | I33: =900*3*250*0.25*$D33*1.62*10^-11*3.79 -> 0
B34: WC Sink Flow Rate: | D34: 0 | E34: gal/min | F34: =900*0.5*3*250*$D34*0.000317*3.79 -> 0 | G34: =900*0.5*3*250*$D34*8.44*10^-5*41.868*3.79 -> 0 | H34: =900*0.5*3*250*$D34*(1+0.00113*1000)*3.79 -> 0 | I34: =900*0.5*3*250*$D34*1.62*10^-11*3.79 -> 0
B35: Lab Sink Flow Rate: | D35: 0 | E35: gal/min | F35: =900*0.2*1*250*$D35*0.000317*3.79 -> 0 | G35: =900*0.2*1*250*$D35*8.44*10^-5*41.868*3.79 -> 0 | H35: =900*0.2*1*250*$D35*(1+0.00113*1000)*3.79 -> 0 | I35: =900*0.2*1*250*$D35*1.62*10^-11*3.79 -> 0
B36: Kitchen Sink Flow Rate: | D36: 0 | E36: gal/min | F36: =900*0.25*1*250*$D36*0.000317*3.79 -> 0 | G36: =900*0.25*1*250*$D36*8.44*10^-5*41.868*3.79 -> 0 | H36: =900*0.25*1*250*$D36*(1+0.00113*1000)*3.79 -> 0 | I36: =900*0.25*1*250*$D36*1.62*10^-11*3.79 -> 0
B37: Shower Flow Rate: | D37: 0 | E37: gal/min | F37: =900*0.01*10*250*$D37*0.000317*3.79 -> 0 | G37: =900*0.01*10*250*$D37*8.44*10^-5*41.868*3.79 -> 0 | H37: =900*0.01*10*250*$D37*(1+0.00113*1000)*3.79 -> 0 | I37: =900*0.01*10*250*$D37*1.62*10^-11*3.79 -> 0
B38: Landscaping Water Use: | E38: gal | F38: =$D38*0.000317*3.79 -> 0 | G38: =$D38*8.44*10^-5*41.868*3.79 -> 0 | H38: =$D38*(1+0.00113*1000)*3.79 -> 0 | I38: =$D38*1.62*10^-11*3.79 -> 0
B39: Total | D39: 3 | F39: =SUM(F32:F38) -> 0 | G39: =SUM(G32:G38) -> 0 | H39: =SUM(H32:H38) -> 0 | I39: =SUM(I32:I38) -> 0
B40: Rainwater Collection: | E40: gal | F40: 0 | G40: 0 | H40: =-MIN(D40*(1+0.00113*1000)*3.79,H32+H33+H38) -> 0 | I40: 0

Sheet Results
B2: Life Cycle Assessment Results Overview
B3: Total Life Cycle Impacts
B6: Performance Relative to Life Cycle Impact Targets
B8: Impact | C8: Target | D8: Project | E8: %
B9: Carbon (kgCO2e) | C9: ='Construction and Materials'!E10 -> 7396873.8 | D9: ='Construction and Materials'!E11+'Construction and Materials'!E13 -> 4010979.8 | E9: =D9/C9 -> 0.54225337 | F9: 1
B10: Energy (MJ) | C10: ='Construction and Materials'!F10 -> 1.5596908e+08 | D10: ='Construction and Materials'!F11+'Construction and Materials'!F13 -> 30756534 | E10: =D10/C10 -> 0.19719636 | F10: 1
B11: Water (kgH2O) | C11: ='Construction and Materials'!G10 -> 2.713874e+08 | D11: ='Construction and Materials'!G11+'Construction and Materials'!G13 -> 46676816 | E11: =D11/C11 -> 0.17199331 | F11: 1
B12: Ozone (kgCFC11e) | C12: - | D12: ='Construction and Materials'!H11+'Construction and Materials'!H13 -> 0.1423865 | E12: -
B27: Breakdown of Embodied vs. Use Phase Impacts
C29: Embodied | F29: Use-Phase | I29: Total
B30: Impact | C30: Materials | D30: Transport | E30: Construction | F30: Electricity | G30: Heating | H30: Water Use | I30: Life Cycle
B31: Carbon (kgCO2e) | C31: =Lists!S47 -> 3514655.9 | D31: =Lists!T47 -> 144763.81 | E31: =Lists!U47 -> 348393.77 | F31: =('Use Phase'!F19+'Use Phase'!F20+'Use Phase'!F23+'Use Phase'!F27)*50 -> 0 | G31: =('Use Phase'!F25+'Use Phase'!F29)*50 -> 0 | H31: =('Use Phase'!F39+'Use Phase'!F40)*50 -> 0 | I31: =SUM(C31:H31) -> 4007813.4 | J31: =I31-D9 -> -3166.3624
B32: %Total | C32: =C31/$I$31 -> 0.87695096 | D32: =D31/$I$31 -> 0.036120396 | E32: =E31/$I$31 -> 0.086928639 | F32: =F31/$I$31 -> 0 | G32: =G31/$I$31 -> 0 | H32: =H31/$I$31 -> 0 | I32: =I31/$I$31 -> 1
B33: Energy (MJ) | C33: =Lists!W47 -> 23508158 | D33: =Lists!X47 -> 2223532.3 | E33: =Lists!Y47 -> 4985215.8 | F33: =('Use Phase'!G19+'Use Phase'!G20+'Use Phase'!G23+'Use Phase'!G27)*50 -> 0 | G33: =('Use Phase'!G25+'Use Phase'!G29)*50 -> 0 | H33: =('Use Phase'!G39+'Use Phase'!G40)*50 -> 0 | I33: =SUM(C33:H33) -> 30716906 | J33: =I33-D10 -> -39627.771
B34: %Total | C34: =C33/$I$33 -> 0.7653166 | D34: =D33/$I$33 -> 0.072387899 | E34: =E33/$I$33 -> 0.1622955 | F34: =F33/$I$33 -> 0 | G34: =G33/$I$33 -> 0 | H34: =H33/$I$33 -> 0 | I34: =I33/$I$33 -> 1
B35: Water (kgH2O) | C35: =Lists!AA47 -> 40852762 | D35: =Lists!AB47 -> 515807.91 | E35: =Lists!AC47 -> 5284328.7 | F35: =('Use Phase'!H19+'Use Phase'!H20+'Use Phase'!H23+'Use Phase'!H27)*50 -> 0 | G35: =('Use Phase'!H25+'Use Phase'!H29)*50 -> 0 | H35: =('Use Phase'!H39+'Use Phase'!H40)*50 -> 0 | I35: =SUM(C35:H35) -> 46652899 | J35: =I35-D11 -> -23916.889
B36: %Total | C36: =C35/$I$35 -> 0.87567468 | D36: =D35/$I$35 -> 0.011056288 | E36: =E35/$I$35 -> 0.11326903 | F36: =F35/$I$35 -> 0 | G36: =G35/$I$35 -> 0 | H36: =H35/$I$35 -> 0 | I36: =I35/$I$35 -> 1
B37: Ozone (kgCFC11e) | C37: =Lists!AE47 -> 0.11916976 | D37: =Lists!AF47 -> 0.022953554 | E37: =Lists!AG47 -> 1.4492233e-05 | F37: =('Use Phase'!I19+'Use Phase'!I20+'Use Phase'!I23+'Use Phase'!I27)*50 -> 0 | G37: =('Use Phase'!I25+'Use Phase'!I29)*50 -> 0 | H37: =('Use Phase'!I39+'Use Phase'!I40)*50 -> 0 | I37: =SUM(C37:H37) -> 0.14213781 | J37: =I37-D12 -> -0.00024869242
B38: %Total | C38: =C37/$I$37 -> 0.83841002 | D38: =D37/$I$37 -> 0.16148803 | E38: =E37/$I$37 -> 0.00010195903 | F38: =F37/$I$37 -> 0 | G38: =G37/$I$37 -> 0 | H38: =H37/$I$37 -> 0 | I38: =I37/$I$37 -> 1
B41: Embodied Carbon (kgCO2e) | D41: =SUM(C31:E31) -> 4007813.4 | E41: =SUM(C32:E32) -> 1 | H41: Total Life Cycle Carbon (kgCO2e)
B61: Embodied Energy (MJ) | D61: =SUM(C33:E33) -> 30716906 | E61: =SUM(C34:E34) -> 1 | H61: Total Life Cycle Energy (MJ)
B81: Embodied Water (kgH2O) | D81: =SUM(C35:E35) -> 46652899 | E81: =SUM(C36:E36) -> 1 | H81: Total Life Cycle Water (kgH2O)
B101: Embodied ODP (kgCFC11e) | D101: =SUM(C37:E37) -> 0.14213781 | E101: =SUM(C38:E38) -> 1 | H101: Total Life Cycle ODP (kgCFC11e)
B122: Carbon (kgCO2e) Accrual Over Project Life
B154: Excess Carbon | C154: =Lists!CJ49/1000 -> 0 | D154: mtCO2e | F154: Total Cost | G154: =Lists!CK51 -> 0

Sheet Cogen Data
B2: 1 | C2: 2 | D2: 3 | E2: 4 | F2: 5 | G2: 6 | H2: 7 | I2: 8 | J2: 9
B4: Select Fuel | C4: FU unit | D4: kg/m^3 | E4: CO2 | F4: MJ | G4: H2O | H4: ODP | I4: MJ/kg | J4: kgCO2/MJ | L4: http://www.ocean.washington.edu/courses/envir215/energynumbers.pdf
B5: Lignite | C5: kg | D5: - | E5: 0.1277 | F5: 26.000028 | G5: 0.0346 | H5: 1.6e-11 | I5: 15 | J5: 0.092799548 | L5: https://www.princeton.edu/~achaney/tmve/wiki100k/docs/Lignite.html
B6: Anthracite | C6: kg | D6: - | E6: 0.301 | F6: 28.135296 | G6: 2.4 | H6: 9.02e-09 | I6: 30 | J6: 0.098486428 | L6: http://en.wikipedia.org/wiki/Anthracite
B7: Gasoline | C7: kg | D7: - | E7: 0.6876 | F7: 51.49764 | G7: 0.0451 | H7: 9.96e-09 | I7: 43.835616 | J7: 0.067725575 | L7: http://cta.ornl.gov/bedb/appendix_a/Lower_and_Higher_Heating_Values_of_Gas_Liquid_and_Solid_Fuels.pdf
B8: Diesel | C8: m^3-->kg | D8: 832 | E8: 0.53941106 | F8: 53.253228 | G8: 0.06784666 | H8: 1.5504808e-10 | I8: 43 | J8: 0.069491955 | L8: http://www.biogas-renewable-energy.info/biogas_composition.html
B9: Heavy Fuel Oil | C9: kg | D9: - | E9: 0.4267 | F9: 52.075418 | G9: 4.2 | H9: 4.5e-07 | I9: 39.466 | J9: 0.078 | L9: http://www.biomassenergycentre.org.uk/portal/page?_pageid=75,163182&_dad=portal&_schema=PORTAL
B10: Corn Ethanol | C10: kg | D10: - | E10: 1.897 | F10: 18.924336 | G10: 26.9 | H10: 1.71e-07 | I10: 29.620253 | J10: 0.072 | L10: http://wogone.com/science/the_energy_and_fuel_data_sheet.pdf
B11: Natural Gas | C11: m^3-->kg | D11: 0.668 | E11: 0.56916168 | F11: 63.917644 | G11: 0.47305389 | H11: 3.07e-07 | I11: 47.141 | J11: 0.05040644 | L11: http://cdm.unfccc.int/Panels/ssc_wg/SSCWG05_repan_07_Scenario_NRB2RB.pdf
B12: Propane | C12: kg | D12: - | E12: 0.696 | F12: 54.00972 | G12: 4 | H12: 7.46e-07 | I12: 46.3 | J12: 0.059884574 | L12: http://www.biogas.org.nz/background.asp
B13: Sewage Biogas | C13: m^3-->kg | D13: 0.93 | E13: 0.41634409 | F13: 5.5869019 | G13: 1.588172 | H13: 4.7419355e-08 | I13: 21.6 | J13: 0.018518519
B14: Wood Pellet | C14: kg | D14: - | E14: 0.159 | F14: 1.967796 | G14: 1 | H14: 9.26e-09 | I14: 16 | J14: 0.10275
B16: 1 | C16: 2 | D16: 3 | E16: 4 | F16: 5 | G16: 6 | H16: 7 | I16: 8
B18: Team | C18: Elec. Nu | D18: Therm. Nu | E18: Cool. Nu | F18: Tot. Nu | G18: Elec. Frac. | H18: Therm. Frac | I18: Cool. Frac
B19: Express | C19: 0.25 | D19: 0.5 | E19: 0 | F19: 0.75 | G19: 0.33333333 | H19: 0.66666667 | I19: 0
B20: Central | C20: 0.3 | D20: 0.3 | E20: 0.2 | F20: 0.8 | G20: 0.375 | H20: 0.375 | I20: 0.25
B21: Pacific | C21: 0.3 | D21: 0.45 | E21: 0 | F21: 0.75 | G21: 0.4 | H21: 0.6 | I21: 0
B22: Atlantic | C22: 0.3 | D22: 0.4 | E22: 0 | F22: 0.7 | G22: 0.42857143 | H22: 0.57142857 | I22: 0

Sheet LCA Data
B2: Life Cycle Impact Assessment Data
H3: =0.0189*2400*(375/2400) -> 7.0875
B4: 1 Construction and Materials
D6: Embodied | H6: Materials | L6: Transport | P6: Construction | T6: Life Units
B7: Assembly | C7: Material/Type | D7: GWP (kgCO2e) | E7: Energy (MJ) | F7: Water (kg) | G7: ODP (kgCFC11e) | H7: GWP (kgCO2e) | I7: Energy (MJ) | J7: Water (kg) | K7: ODP (kgCFC11e) | L7: GWP (kgCO2e) | M7: Energy (MJ) | N7: Water (kg) | O7: ODP (kgCFC11e) | P7: GWP (kgCO2e) | Q7: Energy (MJ) | R7: Water (kg) | S7: ODP (kgCFC11e) | T7: No. | V7: tanker per tkm
B8: Foundation | C8: Concrete Slab (cy) | D8: =H8+L8+P8 -> 340.28857 | E8: =I8+M8+Q8 -> 2341.1183 | F8: =J8+N8+R8 -> 3971.6893 | G8: =K8+O8+S8 -> 1.3372135e-05 | H8: =0.183+74.2+247 -> 321.383 | I8: =41.868*(0.0446+24.7+24.2) -> 2049.2125 | J8: =1000*(0.000254+0.883+2.95) -> 3833.254 | K8: =2.33*10^-12+3.08*10^-6+8.16*10^-6 -> 1.1240002e-05 | L8: =12.3+0.00557+1.14 -> 13.44557 | M8: =41.868*(4.51+0.00205+0.42) -> 206.49507 | N8: =1000*(0.0438+1.99*10^-5+0.00408) -> 47.8999 | O8: =1.95*10^-6+8.85*10^-10+1.81*10^-7 -> 2.131885e-06 | P8: =5.46 -> 5.46 | Q8: =41.868*(2.04) -> 85.41072 | R8: =1.06*Q8 -> 90.535363 | S8: =2.48*10^-10 -> 2.48e-10 | T8: 1 | V8: gwp | W8: 0.0185
B9: Foundation | C9: Strip Foundation (cy) | D9: =H9+L9+P9 -> 355.4101 | E9: =I9+M9+Q9 -> 2547.5296 | F9: =J9+N9+R9 -> 4149.7762 | G9: =K9+O9+S9 -> 1.4019023e-05 | H9: =0.369+88.9+247 -> 336.269 | I9: =41.868*(0.0896+29.5+24.2) -> 2252.063 | J9: =1000*(0.000511+1.06+2.95) -> 4010.511 | K9: =4.68*10^-12+3.69*10^-6+8.16*10^-6 -> 1.1850005e-05 | L9: =12.3+0.0111+1.37 -> 13.6811 | M9: =41.868*(4.51+0.0041+0.503) -> 210.05594 | N9: =1000*(0.0438+3.98*10^-5+0.00489) -> 48.7298 | O9: =1.95*10^-6+1.77*10^-9+2.17*10^-7 -> 2.16877e-06 | P9: =5.46 -> 5.46 | Q9: =41.868*(2.04) -> 85.41072 | R9: =1.06*Q9 -> 90.535363 | S9: =2.48*10^-10 -> 2.48e-10 | T9: 1 | V9: mj | W9: =0.00567*41.868 -> 0.23739156
B10: Foundation | C10: Mat and Pile (cy) | D10: =H10+L10+P10 -> 356.4021 | E10: =I10+M10+Q10 -> 2564.2149 | F10: =J10+N10+R10 -> 4160.375 | G10: =K10+O10+S10 -> 1.4053237e-05 | H10: =0.737+89.5+247 -> 337.237 | I10: =41.868*(0.179+29.8+24.2) -> 2268.3664 | J10: =1000*(0.00102+1.07+2.95) -> 4021.02 | K10: =9.36*10^-12+3.72*10^-6+8.16*10^-6 -> 1.1880009e-05 | L10: =12.3+0.0251+1.38 -> 13.7051 | M10: =41.868*(4.51+0.00922+0.507) -> 210.43778 | N10: =1000*(0.0438+8.96*10^-5+0.00493) -> 48.8196 | O10: =1.95*10^-6+3.98*10^-9+2.19*10^-7 -> 2.17298e-06 | P10: =5.46 -> 5.46 | Q10: =41.868*(2.04) -> 85.41072 | R10: =1.06*Q10 -> 90.535363 | S10: =2.48*10^-10 -> 2.48e-10 | T10: 1 | V10: water | W10: =0 -> 0
B11: Foundation | C11: Novacem Concrete Slab (cy) | D11: =H11+L11+P11 -> 89.06857 | E11: =I11+M11+Q11 -> 1453.5167 | F11: =J11+N11+R11 -> 3187.2893 | G11: =K11+O11+S11 -> 6.2383353e-06 | H11: =H8+H14 -> 70.163 | I11: =I8+I14 -> 1161.6109 | J11: =J8+J14 -> 3048.854 | K11: =K8+K14 -> 4.1062023e-06 | L11: =12.3+0.00557+1.14 -> 13.44557 | M11: =41.868*(4.51+0.00205+0.42) -> 206.49507 | N11: =1000*(0.0438+1.99*10^-5+0.00408) -> 47.8999 | O11: =1.95*10^-6+8.85*10^-10+1.81*10^-7 -> 2.131885e-06 | P11: =5.46 -> 5.46 | Q11: =41.868*(2.04) -> 85.41072 | R11: =1.06*Q11 -> 90.535363 | S11: =2.48*10^-10 -> 2.48e-10 | T11: 1
B12: Foundation | C12: Novacem Strip Foundation (cy) | D12: =H12+L12+P12 -> 104.1901 | E12: =I12+M12+Q12 -> 1659.928 | F12: =J12+N12+R12 -> 3365.3762 | G12: =K12+O12+S12 -> 6.8852227e-06 | H12: =H9+H14 -> 85.049 | I12: =I9+I14 -> 1364.4614 | J12: =J9+J14 -> 3226.111 | K12: =K9+K14 -> 4.7162047e-06 | L12: =12.3+0.0111+1.37 -> 13.6811 | M12: =41.868*(4.51+0.0041+0.503) -> 210.05594 | N12: =1000*(0.0438+3.98*10^-5+0.00489) -> 48.7298 | O12: =1.95*10^-6+1.77*10^-9+2.17*10^-7 -> 2.16877e-06 | P12: =5.46 -> 5.46 | Q12: =41.868*(2.04) -> 85.41072 | R12: =1.06*Q12 -> 90.535363 | S12: =2.48*10^-10 -> 2.48e-10 | T12: 1
B13: Foundation | C13: Novacem Mat and Pile (cy) | D13: =H13+L13+P13 -> 105.1821 | E13: =I13+M13+Q13 -> 1676.6133 | F13: =J13+N13+R13 -> 3375.975 | G13: =K13+O13+S13 -> 6.9194374e-06 | H13: =H10+H14 -> 86.017 | I13: =I10+I14 -> 1380.7648 | J13: =J10+J14 -> 3236.62 | K13: =K10+K14 -> 4.7462094e-06 | L13: =12.3+0.0251+1.38 -> 13.7051 | M13: =41.868*(4.51+0.00922+0.507) -> 210.43778 | N13: =1000*(0.0438+8.96*10^-5+0.00493) -> 48.8196 | O13: =1.95*10^-6+3.98*10^-9+2.19*10^-7 -> 2.17298e-06 | P13: =5.46 -> 5.46 | Q13: =41.868*(2.04) -> 85.41072 | R13: =1.06*Q13 -> 90.535363 | S13: =2.48*10^-10 -> 2.48e-10 | T13: 1
C14: Novacem Subtraction (per cy concrete) | H14: =-1.06*237 -> -251.22 | I14: =-1.06*20*41.868 -> -887.6016 | J14: =-1.06*0.74*1000 -> -784.4 | K14: =-1.06*6.73*10^-6 -> -7.1338e-06
B15: Interior Wall | C15: Curtain Wall (sf) | D15: =H15+L15+P15 -> 13.85843 | E15: =I15+M15+Q15 -> 189.42431 | F15: =J15+N15+R15 -> 192.01185 | G15: =K15+O15+S15 -> 2.21867e-07 | H15: 2.37 | I15: =41.868*0.667 -> 27.925956 | J15: =1000*0.0215 -> 21.5 | K15: =2.13*10^-7 -> 2.13e-07 | L15: 0.0529 | M15: =41.868*0.0195 -> 0.816426 | N15: =1000*0.000189 -> 0.189 | O15: =8.4*10^-9 -> 8.4e-09 | P15: 11.43553 | Q15: =41.868*3.837822 -> 160.68193 | R15: =1.06*Q15 -> 170.32285 | S15: =4.67*10^-10 -> 4.67e-10 | T15: 1 | V15: odp | W15: =6.9*10^-13 -> 0
B16: Interior Wall | C16: Steel Studs and Painted Gypsum (sf) | D16: =H16+L16+P16 -> 19.783322 | E16: =I16+M16+Q16 -> 284.98961 | F16: =J16+N16+R16 -> 246.80985 | G16: =K16+O16+S16 -> 6.91467e-07 | H16: 7.520218 | I16: =41.868*2.664661 -> 111.56403 | J16: =1000*0.073532 -> 73.532 | K16: =5.6*10^-7 -> 5.6e-07 | L16: =0.827574 -> 0.827574 | M16: =41.868*0.304377 -> 12.743656 | N16: =1000*0.002955 -> 2.955 | O16: =1.31*10^-7 -> 1.31e-07 | P16: 11.43553 | Q16: =41.868*3.837822 -> 160.68193 | R16: =1.06*Q16 -> 170.32285 | S16: =4.67*10^-10 -> 4.67e-10 | T16: 1
B17: Interior Wall | C17: Timber Studs and Painted Gypsum (sf) | D17: =H17+L17+P17 -> 14.716947 | E17: =I17+M17+Q17 -> 213.57993 | F17: =J17+N17+R17 -> 20.553525 | G17: =K17+O17+S17 -> 4.1499906e-07 | H17: 3.0078444 | I17: 48.685306 | J17: 19.576549 | K17: 3.7110689e-07 | L17: 0.27357299 | M17: 4.2127049 | N17: 0.97697622 | O17: 4.3425538e-08 | P17: 11.43553 | Q17: 160.68191 | R17: 0 | S17: 4.6663989e-10 | T17: 1
B18: Interior Wall | C18: Concrete and Painted Gypsum (sf) | D18: =H18+L18+P18 -> 24.518761 | E18: =I18+M18+Q18 -> 307.27882 | F18: =J18+N18+R18 -> 294.5004 | G18: =K18+O18+S18 -> 9.75467e-07 | H18: 11.18845 | I18: 117.4195 | J18: 117.411 | K18: =6.74*10^-7 -> 6.74e-07 | L18: 1.894781 | M18: 29.17742 | N18: 6.76659 | O18: =3.01*10^-7 -> 3.01e-07 | P18: 11.43553 | Q18: 160.6819 | R18: =1.06*Q18 -> 170.32281 | S18: =4.67*10^-10 -> 4.67e-10 | T18: 1
B19: Interior Wall | C19: Painted Concrete (sf) | D19: =H19+L19+P19 -> 22.354943 | E19: =I19+M19+Q19 -> 276.52233 | F19: =J19+N19+R19 -> 281.52428 | G19: =K19+O19+S19 -> 7.15027e-07 | H19: 9.267052 | I19: =90.396 -> 90.396 | J19: =105.3006 -> 105.3006 | K19: =4.52273*10^-7 -> 4.52273e-07 | L19: 1.6523608 | M19: 25.44443 | N19: =5.900865 -> 5.900865 | O19: =2.62287*10^-7 -> 2.62287e-07 | P19: 11.43553 | Q19: 160.6819 | R19: =1.06*Q19 -> 170.32281 | S19: =4.67*10^-10 -> 4.67e-10 | T19: 1
B20: Exterior Wall | C20: Curtain Wall Triple Pane (sf) | D20: =H20+L20+P20 -> 21.782376 | E20: =I20+M20+Q20 -> 284.5765 | F20: =J20+N20+R20 -> 254.1337 | G20: =K20+O20+S20 -> 9.083067e-07 | H20: 10.185233 | I20: 121.40594 | J20: 83.233734 | K20: =8.82186*10^-7 -> 8.82186e-07 | L20: 0.1616137 | M20: 2.4886625 | N20: 0.57715035 | O20: =2.56537*10^-8 -> 2.56537e-08 | P20: 11.43553 | Q20: 160.6819 | R20: =1.06*Q20 -> 170.32281 | S20: =4.67*10^-10 -> 4.67e-10 | T20: 1
B21: Exterior Wall | C21: Curtain Wall Double Pane (sf) | D21: =H21+L21+P21 -> 19.084591 | E21: =I21+M21+Q21 -> 252.3044 | F21: =J21+N21+R21 -> 230.04529 | G21: =K21+O21+S21 -> 6.63752e-07 | H21: 7.54039 | I21: 89.949094 | J21: 59.334392 | K21: =6.46085*10^-7 -> 6.46085e-07 | L21: 0.108671 | M21: 1.673411 | N21: 0.388084 | O21: =1.72*10^-8 -> 1.72e-08 | P21: 11.43553 | Q21: 160.6819 | R21: =1.06*Q21 -> 170.32281 | S21: =4.67*10^-10 -> 4.67e-10 | T21: 1
B22: Exterior Wall | C22: Qbiss Curtain Wall (sf) | D22: =H22+L22+P22 -> 19.990701 | E22: =I22+M22+Q22 -> 262.64616 | F22: =J22+N22+R22 -> 219.53758 | G22: =K22+O22+S22 -> 1.7703051e-06 | H22: 19.784226 | I22: 259.46668 | J22: 218.80022 | K22: 1.7375303e-06 | L22: 0.20647544 | M22: 3.1794809 | N22: 0.73735932 | O22: 3.2774826e-08 | P22: 0 | Q22: 0 | R22: =1.06*Q22 -> 0 | S22: 0 | T22: 1
B23: Exterior Wall | C23: Brick on Concrete (sf) | D23: =H23+L23+P23 -> 26.188723 | E23: =I23+M23+Q23 -> 306.73507 | F23: =J23+N23+R23 -> 118.47896 | G23: =K23+O23+S23 -> 9.750515e-07 | H23: 12.882529 | I23: 117.24712 | J23: 111.7985 | K23: 6.7764551e-07 | L23: 1.8706639 | M23: 28.806041 | N23: 6.6804625 | O23: 2.9693935e-07 | P23: 11.43553 | Q23: 160.68191 | R23: 0 | S23: 4.6663989e-10 | T23: 1
B24: Exterior Wall | C24: Recycled Brick (sf) | D24: =H24+L24+P24 -> 6.0107157 | E24: =I24+M24+Q24 -> 79.64535 | F24: =J24+N24+R24 -> 6.575819 | G24: =K24+O24+S24 -> 6.3326921e-08 | H24: 0.56739704 | I24: 2.8326574 | J24: 5.7066634 | K24: 2.4481704e-08 | L24: 0.24338104 | M24: 3.7477841 | N24: 0.86915558 | O24: 3.8633027e-08 | P24: 5.1999376 | Q24: 73.064908 | R24: 0 | S24: 2.1218941e-10 | T24: 1
B25: Exterior Wall | C25: Concrete Cladding (sf) | D25: =H25+L25+P25 -> 21.28716 | E25: =I25+M25+Q25 -> 255.008 | F25: =J25+N25+R25 -> 274.23756 | G25: =K25+O25+S25 -> 5.61378e-07 | H25: 8.2243467 | I25: 69.267843 | J25: 98.103437 | K25: =3.02605*10^-7 -> 3.02605e-07 | L25: 1.6272828 | M25: 25.058257 | N25: =5.81130697 -> 5.811307 | O25: =2.58306*10^-7 -> 2.58306e-07 | P25: 11.43553 | Q25: 160.6819 | R25: =1.06*Q25 -> 170.32281 | S25: =4.67*10^-10 -> 4.67e-10 | T25: 1
C26: Novacem Subtraction (per sf concrete cladding) | H26: =-1.06*4.37 -> -4.6322 | I26: =-1.06*0.368*41.868 -> -16.331869 | J26: =-1.06*1000*0.0136 -> -14.416 | K26: =-1.06*1.24*10^-7 -> -1.3144e-07
B27: Exterior Wall | C27: Novacem Concrete Cladding (sf) | D27: =H27+L27+P27 -> 16.65496 | E27: =I27+M27+Q27 -> 238.67613 | F27: =J27+N27+R27 -> 259.82156 | G27: =K27+O27+S27 -> 4.29938e-07 | H27: =H25+H26 -> 3.5921467 | I27: =I25+I26 -> 52.935973 | J27: =J25+J26 -> 83.687437 | K27: =K25+K26 -> 1.71165e-07 | L27: 1.6272828 | M27: 25.058257 | N27: =5.81130697 -> 5.811307 | O27: =2.58306*10^-7 -> 2.58306e-07 | P27: 11.43553 | Q27: 160.6819 | R27: =1.06*Q27 -> 170.32281 | S27: =4.67*10^-10 -> 4.67e-10 | T27: 1
B28: Exterior Wall | C28: EIFS on Metal Stud (sf) | D28: =H28+L28+P28 -> 25.053595 | E28: =I28+M28+Q28 -> 364.99427 | F28: =J28+N28+R28 -> 274.25204 | G28: =K28+O28+S28 -> 1.205466e-06 | H28: 12.89359 | I28: 193.1563 | J28: 101.342 | K28: =1.09*10^-6 -> 1.09e-06 | L28: 0.72447523 | M28: 11.156073 | N28: 2.5872226 | O28: =1.14999*10^-7 -> 1.14999e-07 | P28: 11.43553 | Q28: 160.6819 | R28: =1.06*Q28 -> 170.32281 | S28: =4.67*10^-10 -> 4.67e-10 | T28: 1
B29: Exterior Wall | C29: Structurally Insulated Panels (sf) | D29: =H29+L29+P29 -> 8.73 | E29: =I29+M29+Q29 -> 108.5 | F29: =J29+N29+R29 -> 58.0598 | G29: =K29+O29+S29 -> 2.74929e-07 | H29: 4.4 | I29: 46 | J29: 6.86 | K29: 8.78e-08 | L29: 1.18 | M29: 18.17 | N29: 4.21 | O29: 1.87e-07 | P29: 3.15 | Q29: 44.33 | R29: =1.06*Q29 -> 46.9898 | S29: 1.29e-10 | T29: 1
B30: Exterior Wall | C30: Brick on Metal Stud (sf) | D30: =H30+L30+P30 -> 25.199831 | E30: =I30+M30+Q30 -> 335.38775 | F30: =J30+N30+R30 -> 270.41105 | G30: =K30+O30+S30 -> 9.26651e-07 | H30: 12.532693 | I30: 155.74052 | J30: 95.689954 | K30: =7.30685*10^-7 -> 7.30685e-07 | L30: =1.231607891 -> 1.2316079 | M30: =18.96532452 -> 18.965325 | N30: =4.398283696 -> 4.3982837 | O30: =1.95499*10^-7 -> 1.95499e-07 | P30: 11.43553 | Q30: 160.6819 | R30: =1.06*Q30 -> 170.32281 | S30: =4.67*10^-10 -> 4.67e-10 | T30: 1
B31: Floor | C31: Wood System (sf) | D31: =H31+L31+P31 -> 7.937486 | E31: =I31+M31+Q31 -> 109.0056 | F31: =J31+N31+R31 -> 84.468069 | G31: =K31+O31+S31 -> 2.24647e-08 | H31: =3.59 -> 3.59 | I31: =41.868*1.14 -> 47.72952 | J31: =1000*0.0213 -> 21.3 | K31: =9.27*10^-11 -> 0 | L31: =0.14 -> 0.14 | M31: =41.868*0.0515 -> 2.156202 | N31: =1000*0.000501 -> 0.501 | O31: =2.22*10^-8 -> 2.22e-08 | P31: 4.207486 | Q31: =41.868*1.412054 -> 59.119877 | R31: =1.06*Q31 -> 62.667069 | S31: =1.72*10^-10 -> 1.72e-10 | T31: 1
B32: Floor | C32: Concrete (sf) | D32: =H32+L32+P32 -> 11.880086 | E32: =I32+M32+Q32 -> 105.90192 | F32: =J32+N32+R32 -> 150.23457 | G32: =K32+O32+S32 -> 3.0133363e-07 | H32: =1.08+0.128+6.13 -> 7.338 | I32: =41.868*(0.361+0.0311+0.602) -> 41.620979 | J32: =1000*(0.0129+0.000178+0.0733) -> 86.378 | K32: =4.51*10^-8+1.63*10^-12+2.03*10^-7 -> 2.4810163e-07 | L32: =0.304+0.0167+0.0139 -> 0.3346 | M32: =41.868*(0.112+0.00615+0.00512) -> 5.1610684 | N32: =1000*(0.00108+5.97*10^-5+4.98*10^-5) -> 1.1895 | O32: =4.82*10^-8+2.65*10^-9+2.21*10^-9 -> 5.306e-08 | P32: 4.207486 | Q32: =41.868*1.412054 -> 59.119877 | R32: =1.06*Q32 -> 62.667069 | S32: =1.72*10^-10 -> 1.72e-10 | T32: 1
B33: Floor | C33: Concrete and Carpet (sf) | D33: =H33+L33+P33 -> 12.862876 | E33: =I33+M33+Q33 -> 122.33511 | F33: =J33+N33+R33 -> 151.67107 | G33: =K33+O33+S33 -> 3.19777e-07 | H33: 8.31545 | I33: =41.868*1.38484 -> 57.980481 | J33: =1000*0.08779 -> 87.79 | K33: =2.65605*10^-7 -> 2.65605e-07 | L33: 0.33994 | M33: =41.868*0.12503 -> 5.234756 | N33: =1000*0.001214 -> 1.214 | O33: =5.4*10^-8 -> 5.4e-08 | P33: 4.207486 | Q33: =41.868*1.412054 -> 59.119877 | R33: =1.06*Q33 -> 62.667069 | S33: =1.72*10^-10 -> 1.72e-10 | T33: 1
B34: Floor | C34: Concrete and Ceramic (sf) | D34: =H34+L34+P34 -> 16.894459 | E34: =I34+M34+Q34 -> 185.18807 | F34: =J34+N34+R34 -> 194.54207 | G34: =K34+O34+S34 -> 8.99272e-07 | H34: 12.3526 | I34: =41.868*2.888106 -> 120.91922 | J34: =1000*0.130681 -> 130.681 | K34: =8.46*10^-7 -> 8.46e-07 | L34: 0.334373 | M34: =41.868*0.122981 -> 5.1489685 | N34: =1000*0.001194 -> 1.194 | O34: =5.31*10^-8 -> 5.31e-08 | P34: 4.207486 | Q34: =41.868*1.412054 -> 59.119877 | R34: =1.06*Q34 -> 62.667069 | S34: =1.72*10^-10 -> 1.72e-10 | T34: 1
B35: Floor | C35: Bubble Deck (sf) | D35: =H35+L35+P35 -> 9.5098571 | E35: =I35+M35+Q35 -> 72.669925 | F35: =J35+N35+R35 -> 106.85626 | G35: =K35+O35+S35 -> 3.2168865e-07 | H35: 9.0290311 | I35: 65.877819 | J35: 106.76096 | K35: 3.1743417e-07 | L35: 0.026685683 | M35: 0.41092838 | N35: 0.095299165 | O35: 4.235945e-09 | P35: 0.45414038 | Q35: 6.3811775 | R35: 0 | S35: 1.8531718e-11 | T35: 1
B36: Floor | C36: Epicore (sf) | D36: =H36+L36+P36 -> 2.48974 | E36: =I36+M36+Q36 -> 29.623621 | F36: =J36+N36+R36 -> 17.024743 | G36: =K36+O36+S36 -> 1.3298115e-08 | H36: 1.3313426 | I36: 13.286763 | J36: 0.27617941 | K36: 6.1757787e-09 | L36: 0.044583091 | M36: 0.6865276 | N36: 0.15921389 | O36: 7.0768855e-09 | P36: 1.1138143 | Q36: 15.65033 | R36: =1.06*Q36 -> 16.58935 | S36: 4.5450468e-11 | T36: 1
B37: Floor | C37: Novacem Concrete (sf) | D37: =H37+L37+P37 -> 5.710886 | E37: =I37+M37+Q37 -> 84.200065 | F37: =J37+N37+R37 -> 131.04857 | G37: =K37+O37+S37 -> 1.2643363e-07 | H37: =H32+H40 -> 1.1688 | I37: =I32+I40 -> 19.91912 | J37: =J32+J40 -> 67.192 | K37: =K32+K40 -> 7.320163e-08 | L37: =0.304+0.0167+0.0139 -> 0.3346 | M37: =41.868*(0.112+0.00615+0.00512) -> 5.1610684 | N37: =1000*(0.00108+5.97*10^-5+4.98*10^-5) -> 1.1895 | O37: =4.82*10^-8+2.65*10^-9+2.21*10^-9 -> 5.306e-08 | P37: 4.207486 | Q37: =41.868*1.412054 -> 59.119877 | R37: =1.06*Q37 -> 62.667069 | S37: =1.72*10^-10 -> 1.72e-10 | T37: 1
B38: Floor | C38: Novacem Concrete and Carpet (sf) | D38: =H38+L38+P38 -> 6.693676 | E38: =I38+M38+Q38 -> 100.63325 | F38: =J38+N38+R38 -> 132.48507 | G38: =K38+O38+S38 -> 1.44877e-07 | H38: =H33+H40 -> 2.14625 | I38: =I33+I40 -> 36.278622 | J38: =J33+J40 -> 68.604 | K38: =K33+K40 -> 9.0705e-08 | L38: 0.33994 | M38: =41.868*0.12503 -> 5.234756 | N38: =1000*0.001214 -> 1.214 | O38: =5.4*10^-8 -> 5.4e-08 | P38: 4.207486 | Q38: =41.868*1.412054 -> 59.119877 | R38: =1.06*Q38 -> 62.667069 | S38: =1.72*10^-10 -> 1.72e-10 | T38: 1
B39: Floor | C39: Novacem Concrete and Ceramic (sf) | D39: =H39+L39+P39 -> 10.725259 | E39: =I39+M39+Q39 -> 163.48621 | F39: =J39+N39+R39 -> 175.35607 | G39: =K39+O39+S39 -> 7.24372e-07 | H39: =H34+H40 -> 6.1834 | I39: =I34+I40 -> 99.217363 | J39: =J34+J40 -> 111.495 | K39: =K34+K40 -> 6.711e-07 | L39: 0.334373 | M39: =41.868*0.122981 -> 5.1489685 | N39: =1000*0.001194 -> 1.194 | O39: =5.31*10^-8 -> 5.31e-08 | P39: 4.207486 | Q39: =41.868*1.412054 -> 59.119877 | R39: =1.06*Q39 -> 62.667069 | S39: =1.72*10^-10 -> 1.72e-10 | T39: 1
C40: Novacem Subtraction (per sf concrete flooring) | H40: =-1.06*5.82 -> -6.1692 | I40: =-1.06*0.489*41.868 -> -21.701859 | J40: =-1.06*1000*0.0181 -> -19.186 | K40: =-1.06*1.65*10^-7 -> -1.749e-07
B41: Floor | C41: Carpet (sf) | D41: =H41+L41+P41 -> 0.97445716 | E41: =I41+M41+Q41 -> 16.454156 | F41: =J41+N41+R41 -> 1.4284932 | G41: =K41+O41+S41 -> 1.856824e-08 | H41: 0.96888427 | I41: 16.36834 | J41: 1.4085914 | K41: 1.768363e-08 | L41: 0.0055728864 | M41: 0.085815948 | N41: 0.019901736 | O41: 8.8461069e-10 | P41: 0 | Q41: 0 | R41: 0 | S41: 0 | T41: 2
B42: Roof | C42: Steel Structure (sf) | D42: =H42+L42+P42 -> 43.073319 | E42: =I42+M42+Q42 -> 590.53127 | F42: =J42+N42+R42 -> 400.59265 | G42: =K42+O42+S42 -> 1.249933e-06 | H42: 19.69234 | I42: =41.868*6.241408 -> 261.31527 | J42: =1000*0.058126 -> 58.126 | K42: =1.16*10^-6 -> 1.16e-06 | L42: =0.509919 -> 0.509919 | M42: =41.868*0.187546 -> 7.8521759 | N42: =1000*0.001821 -> 1.821 | O42: =8.9*10^-8 -> 8.9e-08 | P42: =22.87106 -> 22.87106 | Q42: =41.868*7.675643 -> 321.36382 | R42: =1.06*Q42 -> 340.64565 | S42: =9.33*10^-10 -> 9.33e-10 | T42: 1
B43: Roof | C43: Wood Structure (sf) | D43: =H43+L43+P43 -> 25.467862 | E43: =I43+M43+Q43 -> 395.1998 | F43: =J43+N43+R43 -> 355.99265 | G43: =K43+O43+S43 -> 4.70933e-07 | H43: =2.518782 -> 2.518782 | I43: =41.868*1.734846 -> 72.634532 | J43: =1000*0.015068 -> 15.068 | K43: =4.58*10^-7 -> 4.58e-07 | L43: 0.07802 | M43: =41.868*0.028696 -> 1.2014441 | N43: =1000*0.000279 -> 0.279 | O43: =1.2*10^-8 -> 1.2e-08 | P43: =22.87106 -> 22.87106 | Q43: =41.868*7.675643 -> 321.36382 | R43: =1.06*Q43 -> 340.64565 | S43: =9.33*10^-10 -> 9.33e-10 | T43: 1
B44: Roof | C44: Noxite Membrane (sf) | D44: =H44+L44+P44 -> 0.36265415 | E44: =I44+M44+Q44 -> 0.41743786 | F44: =J44+N44+R44 -> 1.1474656 | G44: =K44+O44+S44 -> 4.3083597e-09 | H44: 0.34036215 | I44: 0.074173855 | J44: 1.0678586 | K44: 7.6835966e-10 | L44: 0.022292 | M44: 0.343264 | N44: 0.079607 | O44: =3.54*10^-9 -> 3.54e-09 | P44: 0 | Q44: 0 | R44: =1.06*Q44 -> 0 | S44: 0 | T44: 3
B45: Roof | C45: EPDM Membrane (sf) | D45: =H45+L45+P45 -> 0.1447496 | E45: =I45+M45+Q45 -> 6.694216 | F45: =J45+N45+R45 -> 0.019902 | G45: =K45+O45+S45 -> 8.8603195e-10 | H45: 0.1391766 | I45: 6.6084 | J45: 0 | K45: =1.03195*10^-12 -> 0 | L45: 0.005573 | M45: 0.085816 | N45: 0.019902 | O45: =8.85*10^-10 -> 8.85e-10 | P45: 0 | Q45: 0 | R45: =1.06*Q45 -> 0 | S45: 0 | T45: 1
B46: Roof | C46: Polystyrene Insulation (sf) | D46: =H46+L46+P46 -> 8.3645405 | E46: =I46+M46+Q46 -> 141.02966 | F46: =J46+N46+R46 -> 23.814187 | G46: =K46+O46+S46 -> 1.20149e-06 | H46: =8.085896519 -> 8.0858965 | I46: 136.73886 | J46: 22.8191 | K46: =1.15729*10^-6 -> 1.15729e-06 | L46: =0.278644 -> 0.278644 | M46: =4.290797 -> 4.290797 | N46: =0.995087 -> 0.995087 | O46: =4.42*10^-8 -> 4.42e-08 | P46: 0 | Q46: 0 | R46: =1.06*Q46 -> 0 | S46: 0 | T46: 1
B47: Roof | C47: Green Roof (sf) | D47: =H47+L47+P47 -> 2.3005358 | E47: =I47+M47+Q47 -> 31.067123 | F47: =J47+N47+R47 -> 10.717472 | G47: =K47+O47+S47 -> 1.0204745e-07 | H47: 1.3050978 | I47: 16.899214 | J47: 10.238134 | K47: 8.0706233e-08 | L47: 0.13422436 | M47: 2.0668986 | N47: 0.47933829 | O47: 2.1306069e-08 | P47: 0.86121369 | Q47: 12.10101 | R47: 0 | S47: 3.5142811e-11 | T47: 2
B48: Roof | C48: Fiberglass Insulation (sf) | D48: =H48+L48+P48 -> 0.253234 | E48: =I48+M48+Q48 -> 4.327678 | F48: =J48+N48+R48 -> 3.942657 | G48: =K48+O48+S48 -> 3.078151e-08 | H48: =0.164327 -> 0.164327 | I48: 3.07467 | J48: 2.65 | K48: =3.0336*10^-8 -> 3.0336e-08 | L48: 0.002786 | M48: 0.042908 | N48: 0.009951 | O48: =4.42*10^-10 -> 4.42e-10 | P48: =0.086121 -> 0.086121 | Q48: =1.2101 -> 1.2101 | R48: =1.06*Q48 -> 1.282706 | S48: =3.51*10^-12 -> 0 | T48: 1
B49: Roof | C49: BioPCM Phase Changing Insulation (sf) | D49: =H49+L49+P49 -> 2.2487712 | E49: =I49+M49+Q49 -> 21.294195 | F49: =J49+N49+R49 -> 2.3120054 | G49: =K49+O49+S49 -> 2.5244331e-08 | H49: 2.2101232 | I49: 20.699061 | J49: 2.1739868 | K49: 1.9109555e-08 | L49: 0.038647967 | M49: 0.5951336 | N49: 0.13801854 | O49: 6.1347751e-09 | P49: 0 | Q49: 0 | R49: 0 | S49: 0 | T49: 1
B50: Roof | C50: Asphalt Shingle (sf) | D50: =H50+L50+P50 -> 0.399217 | E50: =I50+M50+Q50 -> 46.636345 | F50: =J50+N50+R50 -> 3.776 | G50: =K50+O50+S50 -> 4.02883e-07 | H50: 0.390858 | I50: 46.507621 | J50: 3.7461 | K50: =4.01553*10^-7 -> 4.01553e-07 | L50: 0.008359 | M50: =0.128724 -> 0.128724 | N50: 0.0299 | O50: =1.33*10^-9 -> 1.33e-09 | P50: 0 | Q50: 0 | R50: =1.06*Q50 -> 0 | S50: 0 | T50: 1
B51: Window | C51: Single Pane Aluminum Frame (sf) | D51: =H51+L51+P51 -> 5.2323362 | E51: =I51+M51+Q51 -> 62.805617 | F51: =J51+N51+R51 -> 30.152736 | G51: =K51+O51+S51 -> 4.1592038e-07 | H51: 5.2156176 | I51: 62.548169 | J51: 30.093031 | K51: 4.1326655e-07 | L51: 0.016718659 | M51: 0.25744784 | N51: 0.059705208 | O51: 2.6538321e-09 | P51: 0 | Q51: 0 | R51: 0 | S51: 0 | T51: 2
B52: Window | C52: Single Pane Plastic Frame (sf) | D52: =H52+L52+P52 -> 3.0596139 | E52: =I52+M52+Q52 -> 50.921797 | F52: =J52+N52+R52 -> 24.131592 | G52: =K52+O52+S52 -> 1.7632733e-07 | H52: 3.0428952 | I52: 50.664349 | J52: 24.071887 | K52: 1.736735e-07 | L52: 0.016718659 | M52: 0.25744784 | N52: 0.059705208 | O52: 2.6538321e-09 | P52: 0 | Q52: 0 | R52: 0 | S52: 0 | T52: 2
B53: Window | C53: Double Pane Aluminum Frame (sf) | D53: =H53+L53+P53 -> 6.394 | E53: =I53+M53+Q53 -> 73.197824 | F53: =J53+N53+R53 -> 37.719 | G53: =K53+O53+S53 -> 4.9331e-07 | H53: =1.68+4.38 -> 6.06 | I53: =41.868*(0.476+1.26) -> 72.682848 | J53: =1000*(0.0151+0.0225) -> 37.6 | K53: =1.5*10^-7+3.38*10^-7 -> 4.88e-07 | L53: 0.334 | M53: =41.868*0.0123 -> 0.5149764 | N53: =1000*0.000119 -> 0.119 | O53: =5.31*10^-9 -> 5.31e-09 | P53: 0 | Q53: 0 | R53: =1.06*Q53 -> 0 | S53: 0 | T53: 2
B54: Window | C54: Triple Pane Aluminum Frame (sf) | D54: =H54+L54+P54 -> 6.9402 | E54: =I54+M54+Q54 -> 83.543407 | F54: =J54+N54+R54 -> 45.379 | G54: =K54+O54+S54 -> 5.6996e-07 | H54: =2.51+4.38 -> 6.89 | I54: =41.868*(0.717+1.26) -> 82.773036 | J54: =1000*(0.0227+0.0225) -> 45.2 | K54: =2.24*10^-7+3.38*10^-7 -> 5.62e-07 | L54: =0.0502 -> 0.0502 | M54: =41.868*0.0184 -> 0.7703712 | N54: =1000*0.000179 -> 0.179 | O54: =7.96*10^-9 -> 7.96e-09 | P54: 0 | Q54: 0 | R54: =1.06*Q54 -> 0 | S54: 0 | T54: 2
B55: Window | C55: Double Pane Plastic Frame (sf) | D55: =H55+L55+P55 -> 4.214 | E55: =I55+M55+Q55 -> 61.13984 | F55: =J55+N55+R55 -> 31.719 | G55: =K55+O55+S55 -> 2.5411e-07 | H55: =1.68+2.2 -> 3.88 | I55: =41.868*(0.476+0.972) -> 60.624864 | J55: =1000*(0.0151+0.0165) -> 31.6 | K55: =1.5*10^-7+9.88*10^-8 -> 2.488e-07 | L55: 0.334 | M55: =41.868*0.0123 -> 0.5149764 | N55: =1000*0.000119 -> 0.119 | O55: =5.31*10^-9 -> 5.31e-09 | P55: 0 | Q55: 0 | R55: =1.06*Q55 -> 0 | S55: 0 | T55: 2
B56: Window | C56: Triple Pane Plastic Frame (sf) | D56: =H56+L56+P56 -> 4.7602 | E56: =I56+M56+Q56 -> 71.359819 | F56: =J56+N56+R56 -> 39.379 | G56: =K56+O56+S56 -> 3.3076e-07 | H56: =2.51+2.2 -> 4.71 | I56: =41.868*(0.714+0.972) -> 70.589448 | J56: =1000*(0.0227+0.0165) -> 39.2 | K56: =2.24*10^-7+9.88*10^-8 -> 3.228e-07 | L56: =0.0502 -> 0.0502 | M56: =41.868*0.0184 -> 0.7703712 | N56: =1000*0.000179 -> 0.179 | O56: =7.96*10^-9 -> 7.96e-09 | P56: 0 | Q56: 0 | R56: =1.06*Q56 -> 0 | S56: 0 | T56: 2
B57: Column | C57: Reinforced Concrete Column (cy) | D57: =H57+L57+P57 -> 641.29389 | E57: =I57+M57+Q57 -> 6611.3947 | F57: =J57+N57+R57 -> 7712.533 | G57: =K57+O57+S57 -> 2.470686e-05 | H57: 578.59136 | I57: 5633.7634 | J57: 6897.961 | K57: =2.19448*10^-5 -> 2.19448e-05 | L57: 17.38741 | M57: 267.7458 | N57: 62.09342 | O57: =2.76*10^-6 -> 2.76e-06 | P57: 45.31512 | Q57: 709.8855 | R57: =1.06*Q57 -> 752.47863 | S57: =2.06*10^-9 -> 2.06e-09 | T57: 1
B58: Column | C58: Steel Column (kg) | D58: =H58+L58+P58 -> 1.5473 | E58: =I58+M58+Q58 -> 17.551066 | F58: =J58+N58+R58 -> 9.5421506 | G58: =K58+O58+S58 -> 3.5561e-09 | H58: 1.13 | I58: =41.868*0.278 -> 11.639304 | J58: =1000*0.00356 -> 3.56 | K58: =0 -> 0 | L58: 0.0223 | M58: =41.868*0.0082 -> 0.3433176 | N58: =1000*7.96*10^-5 -> 0.0796 | O58: =3.54*10^-9 -> 3.54e-09 | P58: =0.395 -> 0.395 | Q58: =41.868*0.133 -> 5.568444 | R58: =1.06*Q58 -> 5.9025506 | S58: =1.61*10^-11 -> 0 | T58: 1
B59: Column | C59: Wood Column (kg) | D59: =H59+L59+P59 -> 0.9745 | E59: =I59+M59+Q59 -> 12.805512 | F59: =J59+N59+R59 -> 7.9345506 | G59: =K59+O59+S59 -> 3.56834e-09 | H59: 0.5572 | I59: 6.89375 | J59: 1.9524 | K59: =1.224*10^-11 -> 0 | L59: 0.0223 | M59: =41.868*0.0082 -> 0.3433176 | N59: =1000*7.96*10^-5 -> 0.0796 | O59: =3.54*10^-9 -> 3.54e-09 | P59: =0.395 -> 0.395 | Q59: =41.868*0.133 -> 5.568444 | R59: =1.06*Q59 -> 5.9025506 | S59: =1.61*10^-11 -> 0 | T59: 1
B60: Column | C60: Glulam Column (kg) | D60: =H60+L60+P60 -> 0.743839 | E60: =I60+M60+Q60 -> 8.3770786 | F60: =J60+N60+R60 -> 6.0563506 | G60: =K60+O60+S60 -> 3.5604268e-09 | H60: 0.326539 | I60: 2.465317 | J60: 0.0742 | K60: =4.32684*10^-12 -> 0 | L60: 0.0223 | M60: =41.868*0.0082 -> 0.3433176 | N60: =1000*7.96*10^-5 -> 0.0796 | O60: =3.54*10^-9 -> 3.54e-09 | P60: =0.395 -> 0.395 | Q60: =41.868*0.133 -> 5.568444 | R60: =1.06*Q60 -> 5.9025506 | S60: =1.61*10^-11 -> 0 | T60: 1
B61: Beam | C61: Reinforced Concrete Beam (cy) | D61: =H61+L61+P61 -> 797.6825 | E61: =I61+M61+Q61 -> 9334.9195 | F61: =J61+N61+R61 -> 11075.616 | G61: =K61+O61+S61 -> 1.7853e-05 | H61: 422.38168 | I61: 3459.6262 | J61: 5038.8228 | K61: =1.54566*10^-5 -> 1.54566e-05 | L61: 14.97992 | M61: 230.6733 | N61: 53.49587 | O61: =2.38*10^-6 -> 2.38e-06 | P61: 360.3209 | Q61: 5644.62 | R61: =1.06*Q61 -> 5983.2972 | S61: =1.64*10^-8 -> 1.64e-08 | T61: 1
B62: Beam | C62: Steel Beam (kg) | D62: =H62+L62+P62 -> 1.6837 | E62: =I62+M62+Q62 -> 19.471969 | F62: =J62+N62+R62 -> 11.578309 | G62: =K62+O62+S62 -> 3.561772e-09 | H62: 1.13 | I62: =41.868*0.278 -> 11.639304 | J62: =1000*0.00356 -> 3.56 | K62: =0 -> 0 | L62: 0.0223 | M62: =41.868*0.0082 -> 0.3433176 | N62: =1000*7.96*10^-5 -> 0.0796 | O62: =3.54*10^-9 -> 3.54e-09 | P62: =0.521+0.0104 -> 0.5314 | Q62: =41.868*(0.175+0.00388) -> 7.4893478 | R62: =1.06*Q62 -> 7.9387087 | S62: =2.13*10^-11+4.72*10^-13 -> 0 | T62: 1
B63: Beam | C63: Wood Beam (kg) | D63: =H63+L63+P63 -> 1.1109 | E63: =I63+M63+Q63 -> 14.726415 | F63: =J63+N63+R63 -> 9.9707087 | G63: =K63+O63+S63 -> 3.573972e-09 | H63: 0.5572 | I63: 6.89375 | J63: 1.9524 | K63: =1.22*10^-11 -> 0 | L63: 0.0223 | M63: =41.868*0.0082 -> 0.3433176 | N63: =1000*7.96*10^-5 -> 0.0796 | O63: =3.54*10^-9 -> 3.54e-09 | P63: =0.521+0.0104 -> 0.5314 | Q63: =41.868*(0.175+0.00388) -> 7.4893478 | R63: =1.06*Q63 -> 7.9387087 | S63: =2.13*10^-11+4.72*10^-13 -> 0 | T63: 1
B64: Beam | C64: Glulam Beam (kg) | D64: =H64+L64+P64 -> 0.880239 | E64: =I64+M64+Q64 -> 10.297982 | F64: =J64+N64+R64 -> 8.0925087 | G64: =K64+O64+S64 -> 3.5660988e-09 | H64: 0.326539 | I64: 2.465317 | J64: 0.0742 | K64: =4.32684*10^-12 -> 0 | L64: 0.0223 | M64: =41.868*0.0082 -> 0.3433176 | N64: =1000*7.96*10^-5 -> 0.0796 | O64: =3.54*10^-9 -> 3.54e-09 | P64: =0.521+0.0104 -> 0.5314 | Q64: =41.868*(0.175+0.00388) -> 7.4893478 | R64: =1.06*Q64 -> 7.9387087 | S64: =2.13*10^-11+4.72*10^-13 -> 0 | T64: 1
B65: MEP | C65: Steel Duct 12"D (ft) | D65: =H65+L65+P65 -> 1.5607 | E65: =I65+M65+Q65 -> 16.257344 | F65: =J65+N65+R65 -> 4.829 | G65: =K65+O65+S65 -> 4.87e-09 | H65: 1.53 | I65: =41.868*0.377 -> 15.784236 | J65: =1000*0.00472 -> 4.72 | K65: =0 -> 0 | L65: 0.0307 | M65: =41.868*0.0113 -> 0.4731084 | N65: =1000*0.000109 -> 0.109 | O65: =4.87*10^-9 -> 4.87e-09 | P65: 0 | Q65: 0 | R65: =1.06*Q65 -> 0 | S65: 0 | T65: 1
B66: MEP | C66: Steel Duct 18"D (ft) | D66: =H66+L66+P66 -> 2.3046 | E66: =I66+M66+Q66 -> 23.923375 | F66: =J66+N66+R66 -> 7.119 | G66: =K66+O66+S66 -> 7.08e-09 | H66: 2.26 | I66: =41.868*0.555 -> 23.23674 | J66: =1000*0.00696 -> 6.96 | K66: 0 | L66: =0.0446 -> 0.0446 | M66: =41.868*0.0164 -> 0.6866352 | N66: =1000*0.000159 -> 0.159 | O66: =7.08*10^-9 -> 7.08e-09 | P66: 0 | Q66: 0 | R66: =1.06*Q66 -> 0 | S66: 0 | T66: 1
B67: MEP | C67: Stainless Steel Duct (kg) | D67: =H67+L67+P67 -> 3.4023 | E67: =I67+M67+Q67 -> 27.180706 | F67: =J67+N67+R67 -> 19.0796 | G67: =K67+O67+S67 -> 3.54e-09 | H67: 3.38 | I67: =0.641*41.868 -> 26.837388 | J67: =0.019*1000 -> 19 | K67: 0 | L67: 0.0223 | M67: =0.0082*41.868 -> 0.3433176 | N67: =7.96*10^-5*1000 -> 0.0796 | O67: =3.54*10^-9 -> 3.54e-09 | P67: 0 | Q67: 0 | R67: =1.06*Q67 -> 0 | S67: 0 | T67: 1
B68: MEP | C68: Copper Pipe (kg) | D68: =H68+L68+P68 -> 1.0043 | E68: =I68+M68+Q68 -> 12.65251 | F68: =J68+N68+R68 -> 76.0796 | G68: =K68+O68+S68 -> 1.9354e-07 | H68: 0.982 | I68: =0.294*41.868 -> 12.309192 | J68: =1000*0.076 -> 76 | K68: =1.9*10^-7 -> 1.9e-07 | L68: 0.0223 | M68: =0.0082*41.868 -> 0.3433176 | N68: =7.96*10^-5*1000 -> 0.0796 | O68: =3.54*10^-9 -> 3.54e-09 | P68: 0 | Q68: 0 | R68: =1.06*Q68 -> 0 | S68: 0 | T68: 1
B69: MEP | C69: Stainless Steel Pipe (kg) | D69: =H69+L69+P69 -> 3.4023 | E69: =I69+M69+Q69 -> 27.180706 | F69: =J69+N69+R69 -> 19.0796 | G69: =K69+O69+S69 -> 3.54e-09 | H69: 3.38 | I69: =0.641*41.868 -> 26.837388 | J69: =0.019*1000 -> 19 | K69: 0 | L69: 0.0223 | M69: =0.0082*41.868 -> 0.3433176 | N69: =7.96*10^-5*1000 -> 0.0796 | O69: =3.54*10^-9 -> 3.54e-09 | P69: 0 | Q69: 0 | R69: =1.06*Q69 -> 0 | S69: 0 | T69: 1
B70: MEP | C70: HDPE Pipe (kg) | D70: =H70+L70+P70 -> 2.5023 | E70: =I70+M70+Q70 -> 80.311198 | F70: =J70+N70+R70 -> 0.0796 | G70: =K70+O70+S70 -> 3.54634e-09 | H70: 2.48 | I70: =1.91*41.868 -> 79.96788 | J70: 0 | K70: =6.34*10^-12 -> 0 | L70: 0.0223 | M70: =0.0082*41.868 -> 0.3433176 | N70: =7.96*10^-5*1000 -> 0.0796 | O70: =3.54*10^-9 -> 3.54e-09 | P70: 0 | Q70: 0 | R70: =1.06*Q70 -> 0 | S70: 0 | T70: 1
B71: MEP | C71: Ground Source Heat Exchanger (ft) | D71: =H71+L71+P71 -> 6.8709146 | E71: =I71+M71+Q71 -> 136.78339 | F71: =J71+N71+R71 -> 68.788854 | G71: =K71+O71+S71 -> 6.7885061e-08 | H71: =8.9098/3.28 -> 2.7164024 | I71: =257.01853/3.28 -> 78.359308 | J71: =23.3505/3.28 -> 7.1190549 | K71: =2.11509*10^-7/3.28 -> 6.4484451e-08 | L71: =0.0668/3.28 -> 0.020365854 | M71: =1.029/3.28 -> 0.31371951 | N71: =0.23882/3.28 -> 0.072810976 | O71: =1.06*10^-8/3.28 -> 3.2317073e-09 | P71: =13.56/3.28 -> 4.1341463 | Q71: =190.602/3.28 -> 58.110366 | R71: =1.06*Q71 -> 61.596988 | S71: =5.54*10^-10/3.28 -> 1.6890244e-10 | T71: 1
B72: MEP | C72: GSHP Open Vertical (Btu/hr) | D72: =H72+L72+P72 -> 0.068709146 | E72: =I72+M72+Q72 -> 1.3678339 | F72: =J72+N72+R72 -> 0.073796615 | G72: =K72+O72+S72 -> 6.7885061e-10 | H72: =8.9098*0.1/3.28/VLOOKUP('Construction and Materials'!$C$5,'LCA Data'!$B$115:$N$119,13,FALSE) -> 0.027164024 | I72: =257.01853*0.1/3.28/VLOOKUP('Construction and Materials'!$C$5,'LCA Data'!$B$115:$N$119,13,FALSE) -> 0.78359308 | J72: =23.3505*0.1/3.28/VLOOKUP('Construction and Materials'!$C$5,'LCA Data'!$B$115:$N$119,13,FALSE) -> 0.071190549 | K72: =2.11509*10^-7*0.1/3.28/VLOOKUP('Construction and Materials'!$C$5,'LCA Data'!$B$115:$N$119,13,FALSE) -> 6.4484451e-10 | L72: =0.0668*0.1/3.28/VLOOKUP('Construction and Materials'!$C$5,'LCA Data'!$B$115:$N$119,13,FALSE) -> 0.00020365854 | M72: =1.029*0.1/3.28/VLOOKUP('Construction and Materials'!$C$5,'LCA Data'!$B$115:$N$119,13,FALSE) -> 0.0031371951 | N72: =0.23882*0.1/3.28/VLOOKUP('Construction and Materials'!$C$5,'LCA Data'!$B$115:$N$119,13,FALSE) -> 0.00072810976 | O72: =1.06*10^-8*0.1/3.28/VLOOKUP('Construction and Materials'!$C$5,'LCA Data'!$B$115:$N$119,13,FALSE) -> 0 | P72: =13.56*0.1/3.28/VLOOKUP('Construction and Materials'!$C$5,'LCA Data'!$B$115:$N$119,13,FALSE) -> 0.041341463 | Q72: =190.602*0.1/3.28/VLOOKUP('Construction and Materials'!$C$5,'LCA Data'!$B$115:$N$119,13,FALSE) -> 0.58110366 | R72: =1.06*Q72*0.1/3.28/VLOOKUP('Construction and Materials'!$C$5,'LCA Data'!$B$115:$N$119,13,FALSE) -> 0.0018779569 | S72: =5.54*10^-10*0.1/3.28/VLOOKUP('Construction and Materials'!$C$5,'LCA Data'!$B$115:$N$119,13,FALSE) -> 0 | T72: 1
B73: MEP | C73: Air Handling Unit (m^3/s) | D73: =H73+L73+P73 -> 4036.4393 | E73: =I73+M73+Q73 -> 50516.989 | F73: =J73+N73+R73 -> 30488.952 | G73: =K73+O73+S73 -> 0.00031703 | H73: =804.0977*5 -> 4020.4885 | I73: =10054.41*5 -> 50272.05 | J73: =6086.388*5 -> 30431.94 | K73: =6.29*10^-5*5 -> 0.0003145 | L73: =3.19*5 -> 15.95 | M73: =1.17*41.868*5 -> 244.9278 | N73: =0.0114*1000*5 -> 57 | O73: =5.06*10^-7*5 -> 2.53e-06 | P73: =P77/2/7 -> 0.00078857143 | Q73: =Q77/2/7 -> 0.011081429 | R73: =1.06*Q73 -> 0.011746314 | S73: =S77/2/7 -> 0 | T73: 2
B74: MEP | C74: AHU w/Plate Waste Heat Recovery (m^3/s) | D74: =H74+L74+P74 -> 6278.2543 | E74: =I74+M74+Q74 -> 76663.761 | F74: =J74+N74+R74 -> 41313.557 | G74: =K74+O74+S74 -> 0.00041367026 | H74: =H78/H77*H73 -> 6254.214 | I74: =I78/I77*I73 -> 76294.597 | J74: =J78/J77*J73 -> 41227.63 | K74: =K78/K77*K73 -> 0.00040985372 | L74: =L78/L77*L73 -> 24.03914 | M74: =M78/M77*M73 -> 369.14893 | N74: =N78/N77*N73 -> 85.910523 | O74: =O78/O77*O73 -> 3.8165407e-06 | ... Q74: =Q78/Q77*Q73 -> 0.015828571 | R74: =1.06*Q74 -> 0.016778286 | S74: =S78/S77*S73 -> 0 | T74: 2
B75: MEP | C75: AHU w/LiCl Desiccant Dehumidification (m^3/s) | D75: =H75+L75+P75 -> 3362.5581 | E75: =I75+M75+Q75 -> 42945.577 | F75: =J75+N75+R75 -> 54067.112 | G75: =K75+O75+S75 -> 0.00048540161 | H75: 3342.5321 | I75: 42637.23 | J75: 53995.675 | K75: 0.0004822263 | L75: 20.003876 | M75: 308.03635 | N75: 71.437282 | O75: 3.1753101e-06 | P75: 0.022082402 | Q75: 0.31028232 | R75: 0 | S75: 9.0109771e-13 | T75: 2
B76: MEP | C76: AHU w/Wheel Waste Heat Recovery (m^3/s) | D76: =H76+L76+P76 -> 4051.6689 | E76: =I76+M76+Q76 -> 50824.507 | F76: =J76+N76+R76 -> 30995.469 | G76: =K76+O76+S76 -> 0.00031494666 | H76: =H79/H77*H73 -> 4034.7739 | I76: =I79/I77*I73 -> 50565.07 | J76: =J79/J77*J73 -> 30935.083 | K76: =K79/K77*K73 -> 0.0003122695 | L76: =L79/L77*L73 -> 16.894223 | M76: =M79/M77*M73 -> 259.42615 | N76: =N79/N77*N73 -> 60.374663 | O76: =O79/O77*O73 -> 2.6771559e-06 | ... Q76: =Q79/Q77*Q73 -> 0.011071429 | R76: =1.06*Q76 -> 0.011735714 | S76: =S79/S77*S73 -> 0 | T76: 2
B77: MEP | C77: Air Handling Normal Unit (m^3/s) | D77: =H77+L77+P77 -> 733.03299 | E77: =I77+M77+Q77 -> 10293.683 | F77: =J77+N77+R77 -> 5561.5499 | G77: =K77+O77+S77 -> 5.7987655e-05 | H77: =1446.04/2 -> 723.02 | I77: =20279.02/2 -> 10139.51 | J77: =11051.334/2 -> 5525.667 | K77: =0.0001128/2 -> 5.64e-05 | L77: =20.0039/2 -> 10.00195 | M77: =308.036/2 -> 154.018 | N77: =71.437/2 -> 35.7185 | O77: =3.17531*10^-6/2 -> 1.587655e-06 | P77: =0.02208/2 -> 0.01104 | Q77: =0.31028/2 -> 0.15514 | R77: =1.06*Q77 -> 0.1644484 | S77: =9.01098*10^-13/2 -> 0 | T77: 2
B78: MEP | C78: Air Handling Unit Plate Waste Heat Recovery (m^3/s) | D78: =H78+L78+P78 -> 1139.8097 | E78: =I78+M78+Q78 -> 15620.424 | F78: =J78+N78+R78 -> 7539.9599 | G78: =K78+O78+S78 -> 7.5895001e-05 | H78: =2249.439/2 -> 1124.7195 | I78: =30776.14/2 -> 15388.07 | J78: =14971.78/2 -> 7485.89 | K78: =0.000147/2 -> 7.35e-05 | L78: =30.149/2 -> 15.0745 | M78: =464.264/2 -> 232.132 | N78: =107.67/2 -> 53.835 | O78: =4.79*10^-6/2 -> 2.395e-06 | P78: =0.0315/2 -> 0.01575 | Q78: =0.4432/2 -> 0.2216 | R78: =1.06*Q78 -> 0.234896 | S78: =1.287*10^-12/2 -> 0 | T78: 2
B79: MEP | C79: Air Handling Unit Wheel Waste Heat Recovery (m^3/s) | D79: =H79+L79+P79 -> 736.19406 | E79: =I79+M79+Q79 -> 10361.9 | F79: =J79+N79+R79 -> 5655.0225 | G79: =K79+O79+S79 -> 5.768e-05 | H79: =1451.178/2 -> 725.589 | I79: =20397.22/2 -> 10198.61 | J79: =11234.05/2 -> 5617.025 | K79: =0.000112/2 -> 5.6e-05 | L79: =21.18811/2 -> 10.594055 | M79: =326.27/2 -> 163.135 | N79: =75.6664/2 -> 37.8332 | O79: =3.36*10^-6/2 -> 1.68e-06 | P79: =0.022/2 -> 0.011 | Q79: =0.31/2 -> 0.155 | R79: =1.06*Q79 -> 0.1643 | S79: =9.01*10^-13/2 -> 0 | T79: 2
B80: MEP | C80: Air Filters (m^3/s) | D80: =H80+L80+P80 -> 62.1012 | E80: =I80+M80+Q80 -> 908.97103 | F80: =J80+N80+R80 -> 625.074 | G80: =K80+O80+S80 -> 4.93776e-06 | H80: =10.3*6 -> 61.8 | I80: =3.6*41.868*6 -> 904.3488 | J80: =0.104*1000*6 -> 624 | K80: =8.15*10^-7*6 -> 4.89e-06 | L80: =0.0502*6 -> 0.3012 | M80: =0.0184*41.868*6 -> 4.6222272 | N80: =0.000179*1000*6 -> 1.074 | O80: =7.96*10^-9*6 -> 4.776e-08 | P80: 0 | Q80: 0 | R80: =1.06*Q80 -> 0 | S80: 0 | T80: 50
B81: MEP | C81: Heat Pump (nominal tons) | D81: =H81+L81+P81 -> 49.129868 | E81: =I81+M81+Q81 -> 576.62657 | F81: =J81+N81+R81 -> 193.03188 | G81: =K81+O81+S81 -> 7.68534e-06 | H81: 48.62935 | I81: 568.91993 | J81: 191.23822 | K81: 7.6059778e-06 | L81: 0.49996752 | M81: 7.6989165 | N81: 1.78547 | O81: 7.9362216e-08 | P81: 0.00054980675 | Q81: 0.0077253965 | R81: =1.06*Q81 -> 0.0081889203 | S81: 2.2435494e-14 | T81: 2
B82: MEP | C82: Air Conditioner (nominal tons) | D82: =H82+L82+P82 -> 70.627444 | E82: =I82+M82+Q82 -> 813.6252 | F82: =J82+N82+R82 -> 291.3871 | G82: =K82+O82+S82 -> 1.1801e-05 | H82: 69.9447 | I82: 803.1147 | J82: 288.94 | K82: =1.1693*10^-5 -> 1.1693e-05 | L82: 0.682 | M82: 10.5 | N82: 2.43597 | O82: =1.08*10^-7 -> 1.08e-07 | P82: =0.000744 -> 0.000744 | Q82: =0.0105 -> 0.0105 | R82: =1.06*Q82 -> 0.01113 | S82: =3.04*10^-14 -> 0 | T82: 2
B83: MEP | C83: Natural Gas Furnace (kBtu/h) | D83: =H83+L83+P83 -> 1.2139668 | E83: =I83+M83+Q83 -> 12.968304 | F83: =J83+N83+R83 -> 1.9057431 | G83: =K83+O83+S83 -> 7.6774194e-08 | H83: =186.469/155 -> 1.2030258 | I83: =1983.973/155 -> 12.799826 | J83: =289.34/155 -> 1.8667097 | K83: =1.19*10^-5/155 -> 7.6774194e-08 | L83: =1.694/155 -> 0.010929032 | M83: =26.088/155 -> 0.16830968 | N83: =6.05/155 -> 0.039032258 | O83: =2.69*10^-14/155 -> 0 | P83: =0.001861/155 -> 1.2006452e-05 | Q83: =0.0261/155 -> 0.0001683871 | R83: =1.06*Q83/155 -> 1.1515505e-06 | S83: =7.59*10^-14/155 -> 0 | T83: 2
B84: MEP | C84: Living Machine Water Treatment System (gal/day) | D84: =H84+L84+P84 -> 0.47796212 | E84: =I84+M84+Q84 -> 10.154856 | F84: =J84+N84+R84 -> 2.4973266 | G84: =K84+O84+S84 -> 3.0302429e-08 | H84: 0.45247143 | I84: 9.7715128 | J84: 2.4306289 | K84: 2.7337511e-08 | L84: 0.018676693 | M84: 0.28759928 | N84: 0.066697683 | O84: 2.96464e-09 | P84: 0.0068139985 | Q84: 0.095744258 | R84: 0 | S84: 2.7805301e-13 | T84: 3
B85: MEP | C85: Rainwater Collection Tank (gal) | D85: =H85+L85+P85 -> 0.79533858 | E85: =I85+M85+Q85 -> 5.848637 | F85: =J85+N85+R85 -> 8.5628172 | G85: =K85+O85+S85 -> 4.5262568e-08 | H85: 0.76072338 | I85: 5.3402622 | J85: 8.5045415 | K85: 4.2671531e-08 | L85: 0.016318359 | M85: 0.25128369 | N85: 0.058275667 | O85: 2.5902905e-09 | P85: 0.018296848 | Q85: 0.25709106 | R85: 0 | S85: 7.4662382e-13 | T85: 1
B86: MEP | C86: Natural Gas Water Heater (kBtu/h) | D86: =H86+L86+P86 -> 2.479488 | E86: =I86+M86+Q86 -> 34.247334 | F86: =J86+N86+R86 -> 16.201366 | G86: =K86+O86+S86 -> 1.0387e-07 | H86: 2.4456 | I86: 33.7256 | J86: 16.08 | K86: =9.85*10^-8 -> 9.85e-08 | L86: =0.03385 -> 0.03385 | M86: =0.5212 -> 0.5212 | N86: 0.1208 | O86: =5.37*10^-9 -> 5.37e-09 | P86: =3.8*10^-5 -> 3.8e-05 | Q86: =0.000534 -> 0.000534 | R86: =1.06*Q86 -> 0.00056604 | S86: =1.55*10^-15 -> 0 | T86: 2
B87: MEP | C87: Boiler (L) | D87: =H87+L87+P87 -> 0.36737246 | E87: =I87+M87+Q87 -> 4.8987213 | F87: =J87+N87+R87 -> 3.3923287 | G87: =K87+O87+S87 -> 1.1614408e-08 | H87: 0.36291415 | I87: 4.8300685 | J87: 3.3764073 | K87: 1.090672e-08 | L87: 0.0044583091 | M87: 0.068652758 | N87: 0.015921389 | O87: 7.0768855e-10 | P87: 0 | Q87: 0 | R87: =1.06*Q87 -> 0 | S87: 0 | T87: 1
B88: MEP | C88: Water Pump (m^3/hr) | D88: =H88+L88+P88 -> 1.0017012 | E88: =I88+M88+Q88 -> 13.690826 | F88: =J88+N88+R88 -> 7.3998047 | G88: =K88+O88+S88 -> 3.345828e-08 | H88: 0.98776895 | I88: 13.476286 | J88: 7.3500504 | K88: 3.1246754e-08 | L88: 0.013932216 | M88: 0.21453987 | N88: 0.04975434 | O88: 2.2115267e-09 | P88: 0 | Q88: 0 | R88: =1.06*Q88 -> 0 | S88: 0 | T88: 1
B89: Misc | C89: Smart Glass (sf) | D89: =H89+L89+P89 -> 16.746397 | E89: =I89+M89+Q89 -> 196.75894 | F89: =J89+N89+R89 -> 47.658777 | G89: =K89+O89+S89 -> 4.7246532e-07 | H89: 16.745895 | I89: 196.75121 | J89: 47.656986 | K89: 4.723857e-07 | L89: 0.00050155978 | M89: 0.0077234352 | N89: 0.0017911563 | O89: 7.9614962e-11 | P89: 0 | Q89: 0 | R89: =1.06*Q89 -> 0 | S89: 0 | T89: 2
B90: Misc | C90: C.R. Laurence Shading System (sf) | D90: =H90+L90+P90 -> 5.2688303 | E90: =I90+M90+Q90 -> 52.388827 | F90: =J90+N90+R90 -> 44.269828 | G90: =K90+O90+S90 -> 4.1655671e-09 | H90: 3.9027371 | I90: 30.995142 | J90: 21.922255 | K90: 0 | L90: 0.025858193 | M90: 0.398186 | N90: 0.092344055 | O90: 4.1045936e-09 | P90: 1.340235 | Q90: 20.995498 | R90: =1.06*Q90 -> 22.255228 | S90: 6.0973489e-11 | T90: 1
B91: Misc | C91: Nullifire Coating (sf) | D91: =H91+L91+P91 -> 0.093724 | E91: =I91+M91+Q91 -> 2.3264373 | F91: =J91+N91+R91 -> 0.93459 | G91: =K91+O91+S91 -> 1.8515e-08 | H91: 0.093 | I91: =0.0553*41.868 -> 2.3153004 | J91: =0.000932*1000 -> 0.932 | K91: =1.84*10^-8 -> 1.84e-08 | L91: 0.000724 | M91: =0.000266*41.868 -> 0.011136888 | N91: =2.59*10^-6*1000 -> 0.00259 | O91: =1.15*10^-10 -> 1.15e-10 | P91: 0 | Q91: 0 | R91: =1.06*Q91 -> 0 | S91: 0 | T91: 1
B92: Misc | C92: The Expanded Metal Company Steel Façade Panel (sf) | D92: =H92+L92+P92 -> 0.77831883 | E92: =I92+M92+Q92 -> 7.7037688 | F92: =J92+N92+R92 -> 3.272802 | G92: =K92+O92+S92 -> 3.8909906e-10 | H92: 0.58112177 | I92: 4.6152102 | J92: 3.2642475 | K92: 0 | L92: 0.0023954216 | M92: 0.036886698 | N92: 0.0085544627 | O92: 3.8023663e-10 | P92: 0.19480164 | Q92: 3.0516719 | R92: 0 | S92: 8.8624276e-12 | T92: 2
B93: Misc | C93: Exercise Bike (Bike) | D93: =H93+L93+P93 -> 102.62166 | E93: =I93+M93+Q93 -> 1005.9095 | F93: =J93+N93+R93 -> 703.81209 | G93: =K93+O93+S93 -> 8.3355607e-07 | H93: 101.73835 | I93: 992.30769 | J93: 700.65767 | K93: 6.9334528e-07 | L93: 0.88330249 | M93: 13.601828 | N93: 3.1544252 | O93: 1.4021079e-07 | P93: 0 | Q93: 0 | R93: =1.06*Q93 -> 0 | S93: 0 | T93: 1
B94: Misc | C94: Walking Station (Treadmill) | D94: =H94+L94+P94 -> 307.86497 | E94: =I94+M94+Q94 -> 3017.7285 | F94: =J94+N94+R94 -> 2111.4363 | G94: =K94+O94+S94 -> 2.5006682e-06 | H94: =3*H93 -> 305.21506 | I94: =3*I93 -> 2976.9231 | J94: =3*J93 -> 2101.973 | K94: =3*K93 -> 2.0800358e-06 | L94: =3*L93 -> 2.6499075 | M94: =3*M93 -> 40.805483 | N94: =3*N93 -> 9.4632755 | O94: =3*O93 -> 4.2063238e-07 | P94: 0 | Q94: 0 | R94: =1.06*Q94 -> 0 | S94: 0 | T94: 1
B95: Misc | C95: Ceramic Frittering (sf) | D95: =H95+L95+P95 -> 0.0032684909 | E95: =I95+M95+Q95 -> 0.038505149 | F95: =J95+N95+R95 -> 0.029431233 | G95: =K95+O95+S95 -> 2.9216348e-10 | H95: 0.0032684909 | I95: 0.038505149 | J95: 0.029431233 | K95: 2.9216348e-10 | L95: 0 | M95: 0 | N95: 0 | O95: 0 | P95: 0 | Q95: 0 | R95: 0 | S95: 0 | T95: 1
B96: Misc | C96: Novelis FF3 Aluminum Panel (sf) | D96: =H96+L96+P96 -> 0.00040375 | E96: =I96+M96+Q96 -> 0.019004638 | F96: =J96+N96+R96 -> 0 | G96: =K96+O96+S96 -> 0.00045692162 | H96: 0.0002 | I96: 0.019 | J96: 0 | K96: 0.00045 | L96: 3.75e-06 | M96: 4.57e-06 | N96: 0 | O96: 6.92e-06 | P96: 0.0002 | Q96: 6.78e-08 | R96: 0 | S96: 1.62e-09 | T96: 1
B97: Energy | C97: AeroVironment Wind (Turbine) | D97: =H97+L97+P97 -> 173.75389 | E97: =I97+M97+Q97 -> 1241.8906 | F97: =J97+N97+R97 -> 4.7764167 | G97: =K97+O97+S97 -> 2.1334426e-07 | H97: 171.68841 | I97: 1211.0657 | J97: 0 | K97: 1.0079953e-09 | L97: 1.3374927 | M97: 20.595828 | N97: 4.7764167 | O97: 2.1230656e-07 | P97: 0.72799127 | Q97: 10.229087 | R97: 0 | S97: 2.9706517e-11 | T97: 1
B98: Energy | C98: Transparent PV Glass (sf) | D98: =H98+L98+P98 -> 2.1825114 | E98: =I98+M98+Q98 -> 22.259406 | F98: =J98+N98+R98 -> 15.318921 | G98: =K98+O98+S98 -> 1.7460682e-07 | H98: 1.7822876 | I98: 21.579602 | J98: 15.06024 | K98: 1.68842e-07 | L98: 0.036223761 | M98: 0.55780368 | N98: 0.12936128 | O98: 5.7499694e-09 | P98: 0.364 | Q98: 0.122 | R98: =1.06*Q98 -> 0.12932 | S98: 1.4853259e-11 | T98: 2
B99: Energy | C99: Energain Thermal Mass Panels (sf) | D99: =H99+L99+P99 -> 0.53515943 | E99: =I99+M99+Q99 -> 16.37211 | F99: =J99+N99+R99 -> 1.6509378 | G99: =K99+O99+S99 -> 1.5375906e-08 | H99: 0.52582484 | I99: 16.228368 | J99: 1.6176024 | K99: 1.3894183e-08 | L99: 0.0093345847 | M99: 0.14374171 | N99: 0.033335408 | O99: 1.4817229e-09 | P99: 0 | Q99: 0 | R99: =1.06*Q99 -> 0 | S99: 0 | T99: 1
B100: Energy | C100: Flat Plate Solar Thermal (sf) | D100: =H100+L100+P100 -> 18.4201 | E100: =I100+M100+Q100 -> 259.70638 | F100: =J100+N100+R100 -> 232.46918 | G100: =K100+O100+S100 -> 6.5091262e-07 | H100: 18.180466 | I100: 256.01629 | J100: 231.61341 | K100: 6.1287436e-07 | L100: 0.23963411 | M100: 3.6900857 | N100: 0.85577464 | O100: 3.8038259e-08 | P100: 0 | Q100: 0 | R100: =1.06*Q100 -> 0 | S100: 0 | T100: 2
B101: Energy | C101: EV Station (Charger) | D101: =H101+L101+P101 -> 162.70639 | E101: =I101+M101+Q101 -> 2212.5616 | F101: =J101+N101+R101 -> 785.22852 | G101: =K101+O101+S101 -> 2.0897492e-05 | H101: 161.94848 | I101: 2200.8907 | J101: 782.52188 | K101: 2.0777185e-05 | L101: 0.75791255 | M101: 11.670969 | N101: 2.7066361 | O101: 1.2030705e-07 | P101: 0 | Q101: 0 | R101: =1.06*Q101 -> 0 | S101: 0 | T101: 2
B102: Energy | C102: QR5 (Turbine) | D102: =H102+L102+P102 -> 2021.0038 | E102: =I102+M102+Q102 -> 41280.976 | F102: =J102+N102+R102 -> 5358.3515 | G102: =K102+O102+S102 -> 4.461695e-05 | H102: =1900.44932639202+108.3228 -> 2008.7721 | I102: =39788.4355575404+1309.6691 -> 41098.105 | J102: =4312.5545396585+1003.2859 -> 5315.8404 | K102: =0.0000399269761606125+2.80566*10^-6 -> 4.2732636e-05 | L102: =10.0311954798699+1.8365 -> 11.867695 | M102: =154.468706376307+28.28065 -> 182.74936 | N102: =35.8231250450679+6.5586 -> 42.381725 | O102: =0.00000159229923189521+2.92*10^-7 -> 1.8842992e-06 | P102: 0.364 | Q102: 0.122 | R102: =1.06*Q102 -> 0.12932 | S102: 1.4853259e-11 | T102: 2
...

Sheet Lists
A1: Pick Assembly | B1: Pick foundation | C1: Pick interior wall | D1: Pick exterior wall | E1: Pick floor | F1: Pick roof | G1: Pick window | H1: Pick columns | I1: Pick beams | J1: Pick MEP | K1: Pick Energy | L1: Pick Misc | M1: Pick Type | N1: Pacific | Q1: Embodied Impacts Breakdown for Each Selected Assembly (from Construction and Materials sheet) | AK1: Carbon Tracker
A2: Foundation | B2: Concrete Slab (cy) | C2: Curtain Wall (sf) | D2: Curtain Wall Triple Pane (sf) | E2: Wood System (sf) | F2: Noxite Membrane (sf) | G2: Single Pane Aluminum Frame (sf) | H2: Reinforced Concrete Column (cy) | I2: Reinforced Concrete Beam (cy) | J2: Stainless Steel Duct (kg) | K2: Photovoltaics (sf) | L2: Nullifire Coating (sf) | N2: Atlantic
A3: Interior Wall | B3: Strip Foundation (cy) | C3: Steel Studs and Painted Gypsum (sf) | D3: Curtain Wall Double Pane (sf) | E3: Concrete (sf) | F3: EPDM Membrane (sf) | G3: Double Pane Aluminum Frame (sf) | H3: Steel Column (kg) | I3: Steel Beam (kg) | J3: Copper Pipe (kg) | K3: Flat Plate Solar Thermal (sf) | L3: C.R. Laurence Shading System (sf) | N3: Ridge | P3: Assembly | Q3: Assembly Type | R3: Amount | S3: Mat. kgCO2 | T3: Trans. kgCO2 | U3: Cons. kgCO2 | V3: Total kgCO2 | W3: Mat. MJ | X3: Trans. MJ | Y3: Cons. MJ | Z3: Total MJ | AA3: Mat. kgH2O | AB3: Trans. kgH2O | AC3: Cons. kgH2O | AD3: Total kgH2O | AE3: Mat. kgCFC11 | AF3: Trans. kgCFC11 | AG3: Cons. kgCFC11 | AH3: Total kgCFC11 | AI3: Plot Name | AK3: Period --> | AL3: 0 | AM3: =AL3+1 -> 1 | AN3: =AM3+1 -> 2 | AO3: =AN3+1 -> 3 | AP3: =AO3+1 -> 4 | AQ3: =AP3+1 -> 5 | AR3: =AQ3+1 -> 6 | AS3: =AR3+1 -> 7 | AT3: =AS3+1 -> 8 | ... CJ3: =CI3+1 -> 50
A4: Exterior Wall | B4: Mat and Pile (cy) | C4: Concrete and Painted Gypsum (sf) | D4: Qbiss Curtain Wall (sf) | E4: Concrete and Carpet (sf) | F4: Polystyrene Insulation (sf) | G4: Triple Pane Aluminum Frame (sf) | H4: Wood Column (kg) | I4: Wood Beam (kg) | J4: Stainless Steel Pipe (kg) | K4: Integrated Solar Water Heating (sf) | L4: Exercise Bike (Bike) | N4: Island | P4: ='Construction and Materials'!B18 -> MEP | Q4: ='Construction and Materials'!C18 -> Stainless Steel Duct (kg) | R4: ='Construction and Materials'!D18 -> 10180.95 | S4: =IF(NOT(Q4="Pick Type"),VLOOKUP(Q4,'LCA Data'!$C$8:$S$107,6,FALSE)*Lists!R4,0) -> 34411.611 | T4: =IF(NOT(Q4="Pick Type"),VLOOKUP(Q4,'LCA Data'!$C$8:$S$107,10,FALSE)*Lists!R4,0) -> 227.03519 | U4: =IF(NOT(Q4="Pick Type"),VLOOKUP(Q4,'LCA Data'!$C$8:$S$107,14,FALSE)*Lists!R4,0) -> 0 | V4: =SUM(S4:U4) -> 34638.646 | W4: =IF(NOT(Q4="Pick Type"),VLOOKUP(Q4,'LCA Data'!$C$8:$S$107,7,FALSE)*Lists!R4,0) -> 273230.11 | X4: =IF(NOT(Q4="Pick Type"),VLOOKUP(Q4,'LCA Data'!$C$8:$S$107,11,FALSE)*Lists!R4,0) -> 3495.2993 | Y4: =IF(NOT(Q4="Pick Type"),VLOOKUP(Q4,'LCA Data'!$C$8:$S$107,15,FALSE)*Lists!R4,0) -> 0 | Z4: =SUM(W4:Y4) -> 276725.4 | AA4: =IF(NOT(Q4="Pick Type"),VLOOKUP(Q4,'LCA Data'!$C$8:$S$107,8,FALSE)*Lists!R4,0) -> 193438.05 | AB4: =IF(NOT(Q4="Pick Type"),VLOOKUP(Q4,'LCA Data'!$C$8:$S$107,12,FALSE)*Lists!R4,0) -> 810.40362 | AC4: =IF(NOT(Q4="Pick Type"),VLOOKUP(Q4,'LCA Data'!$C$8:$S$107,16,FALSE)*Lists!R4,0) -> 0 | AD4: =SUM(AA4:AC4) -> 194248.45 | AE4: =IF(NOT(Q4="Pick Type"),VLOOKUP(Q4,'LCA Data'!$C$8:$S$107,9,FALSE)*Lists!R4,0) -> 0 | AF4: =IF(NOT(Q4="Pick Type"),VLOOKUP(Q4,'LCA Data'!$C$8:$S$107,13,FALSE)*Lists!R4,0) -> 3.6040563e-05 | AG4: =IF(NOT(Q4="Pick Type"),VLOOKUP(Q4,'LCA Data'!$C$8:$S$107,17,FALSE)*Lists!R4,0) -> 0 | AH4: =SUM(AE4:AG4) -> 3.6040563e-05 | AI4: =IF(R4=0,NA(),Q4) -> Stainless Steel Duct (kg) | AK4: Assembly 1 --> | AL4: =V4 -> 34638.646 | AM4: =IF(Q4=$J$14,V4,0) -> 0 | AN4: =IF(Q4=$J$14,V4,0) -> 0 | AO4: =IF(Q4=$J$14,V4,0) -> 0 | AP4: =IF(Q4=$J$14,V4,0) -> 0 | AQ4: =IF(Q4=$J$14,V4,0) -> 0 | AR4: =IF(Q4=$J$14,V4,0) -> 0 | AS4: =IF(Q4=$J$14,V4,0) -> 0 | AT4: =IF(Q4=$J$14,V4,0) -> 0 | AU4: =IF(Q4=$J$14,V4,0) -> 0 | AV4: =IF(Q4=$J$14,V4,0) -> 0 | AW4: =IF(Q4=$J$14,V4,0) -> 0 | AX4: =IF(Q4=$J$14,V4,0) -> 0 | AY4: =IF(Q4=$J$14,V4,0) -> 0 | AZ4: =IF(Q4=$J$14,V4,0) -> 0 | BA4: =IF(Q4=$J$14,V4,0) -> 0 | BB4: =IF(Q4=$J$14,V4,0) -> 0 | BC4: =IF(Q4=$J$14,V4,0) -> 0 | BD4: =IF(Q4=$J$14,V4,0) -> 0 | BE4: =IF(Q4=$J$14,V4,0) -> 0 | BF4: =IF(Q4=$J$14,V4,IF(Q4=$F$2,V4,0)) -> 0 | BG4: =IF(Q4=$J$14,V4,IF(Q4=$J$18,V4,0)) -> 0 | BH4: =IF(Q4=$J$14,V4,0) -> 0 | BI4: =IF(Q4=$J$14,V4,0) -> 0 | BJ4: =IF(Q4=$J$14,V4,IF(Q4=$J$17,V4,IF(Q4=$F$8,V4,0))) -> 0 | BK4: =IF(Q4=$J$7,V4,IF(Q4=$J$8,V4,IF(Q4=$J$9,V4,IF(Q4=$J$14,V4,IF(Q4=$J$10,V4,IF(Q4=$J$11,V4,IF(Q4=$J$12,V4,IF(Q4=$J$13,V4,IF(Q4=$K$5,V4,IF(Q4=$K$7,V4,IF(Q4=$K$3,V4,IF(Q4=$K$9,V4,IF(Q4=$K$10,V4,IF(Q4=$L$6,V4,IF(Q4=$E$10,V4,0))))))))))))))) -> 0 | BL4: =IF(Q4=$J$14,V4,IF(Q4=$L$8,V4,0)) -> 0 | BM4: =IF(Q4=$J$14,V4,0) -> 0 | BN4: =IF(Q4=$J$14,V4,0) -> 0 | BO4: =IF(Q4=$J$14,V4,0) -> 0 | BP4: =IF(Q4=$K$2,V4,IF(Q4=$K$19,V4,IF(Q4=$J$14,V4,IF(Q4=$K$6,V4,0)))) -> 0 | BQ4: =IF(Q4=$J$14,V4,0) -> 0 | BR4: =IF(Q4=$J$14,V4,0) -> 0 | BS4: =IF(Q4=$J$14,V4,0) -> 0 | BT4: =IF(Q4=$J$14,V4,0) -> 0 | BU4: =IF(Q4=$J$14,V4,IF(Q4=$K$4,V4,0)) -> 0 | BV4: =IF(Q4=$J$14,V4,0) -> 0 | BW4: =IF(Q4=$J$14,V4,0) -> 0 | BX4: =IF(Q4=$J$14,V4,0) -> 0 | BY4: =IF(Q4=$J$14,V4,0) -> 0 | BZ4: =IF(P4="Window",V4,IF(Q4=$J$14,V4,IF(Q4=$F$2,V4,0))) -> 0 | CA4: =IF(Q4=$J$14,V4,IF(Q4=$J$18,V4,0)) -> 0 | CB4: =IF(Q4=$J$14,V4,0) -> 0 | CC4: =IF(Q4=$J$14,V4,0) -> 0 | CD4: =IF(Q4=$J$14,V4,0) -> 0 | CE4: =IF(Q4=$J$14,V4,0) -> 0 | CF4: =IF(Q4=$J$14,V4,0) -> 0 | CG4: =IF(Q4=$J$14,V4,0) -> 0 | CH4: =IF(Q4=$J$14,V4,0) -> 0 | CI4: =IF(Q4=$J$14,V4,0) -> 0 | CJ4: =IF(Q4=$J$14,V4,0) -> 0
A5: Floor | B5: Novacem Concrete Slab (cy) | C5: Painted Concrete (sf) | D5: Concrete Cladding (sf) | E5: Concrete and Ceramic (sf) | F5: Fiberglass Insulation (sf) | G5: Single Pane Plastic Frame (sf) | H5: Glulam Column (kg) | I5: Glulam Beam (kg) | J5: HDPE Pipe (kg) | K5: EV Battery (kWh) | L5: Walking Station (Treadmill) | N5: River | P5: ='Construction and Materials'!B19 -> MEP | Q5: ='Construction and Materials'!C19 -> Air Handling Unit (m^3/s) | R5: ='Construction and Materials'!D19 -> 0.78444444 | S5: =IF(NOT(Q5="Pick Type"),VLOOKUP(Q5,'LCA Data'!$C$8:$S$107,6,FALSE)*Lists!R5,0) -> 3153.8499 | T5: =IF(NOT(Q5="Pick Type"),VLOOKUP(Q5,'LCA Data'!$C$8:$S$107,10,FALSE)*Lists!R5,0) -> 12.511889 | U5: =IF(NOT(Q5="Pick Type"),VLOOKUP(Q5,'LCA Data'!$C$8:$S$107,14,FALSE)*Lists!R5,0) -> 0.00061859048 | V5: =SUM(S5:U5) -> 3166.3624 | W5: =IF(NOT(Q5="Pick Type"),VLOOKUP(Q5,'LCA Data'!$C$8:$S$107,7,FALSE)*Lists!R5,0) -> 39435.63 | X5: =IF(NOT(Q5="Pick Type"),VLOOKUP(Q5,'LCA Data'!$C$8:$S$107,11,FALSE)*Lists!R5,0) -> 192.13225 | Y5: =IF(NOT(Q5="Pick Type"),VLOOKUP(Q5,'LCA Data'!$C$8:$S$107,15,FALSE)*Lists!R5,0) -> 0.0086927651 | Z5: =SUM(W5:Y5) -> 39627.771 | AA5: =IF(NOT(Q5="Pick Type"),VLOOKUP(Q5,'LCA Data'!$C$8:$S$107,8,FALSE)*Lists!R5,0) -> 23872.166 | AB5: =IF(NOT(Q5="Pick Type"),VLOOKUP(Q5,'LCA Data'!$C$8:$S$107,12,FALSE)*Lists!R5,0) -> 44.713333 | AC5: =IF(NOT(Q5="Pick Type"),VLOOKUP(Q5,'LCA Data'!$C$8:$S$107,16,FALSE)*Lists!R5,0) -> 0.009214331 | AD5: =SUM(AA5:AC5) -> 23916.889 | AE5: =IF(NOT(Q5="Pick Type"),VLOOKUP(Q5,'LCA Data'!$C$8:$S$107,9,FALSE)*Lists!R5,0) -> 0.00024670778 | AF5: =IF(NOT(Q5="Pick Type"),VLOOKUP(Q5,'LCA Data'!$C$8:$S$107,13,FALSE)*Lists!R5,0) -> 1.9846444e-06 | AG5: =IF(NOT(Q5="Pick Type"),VLOOKUP(Q5,'LCA Data'!$C$8:$S$107,17,FALSE)*Lists!R5,0) -> 0 | AH5: =SUM(AE5:AG5) -> 0.00024869242 | AI5: =IF(R5=0,NA(),Q5) -> Air Handling Unit (m^3/s) | AK5: Assembly 2 --> | AL5: =V5 -> 3166.3624 | AM5: =IF(Q5=$J$14,V5,0) -> 0 | AN5: =IF(Q5=$J$14,V5,0) -> 0 | AO5: =IF(Q5=$J$14,V5,0) -> 0 | AP5: =IF(Q5=$J$14,V5,0) -> 0 | AQ5: =IF(Q5=$J$14,V5,0) -> 0 | AR5: =IF(Q5=$J$14,V5,0) -> 0 | AS5: =IF(Q5=$J$14,V5,0) -> 0 | AT5: =IF(Q5=$J$14,V5,0) -> 0 | AU5: =IF(Q5=$J$14,V5,0) -> 0 | AV5: =IF(Q5=$J$14,V5,0) -> 0 | AW5: =IF(Q5=$J$14,V5,0) -> 0 | AX5: =IF(Q5=$J$14,V5,0) -> 0 | AY5: =IF(Q5=$J$14,V5,0) -> 0 | AZ5: =IF(Q5=$J$14,V5,0) -> 0 | BA5: =IF(Q5=$J$14,V5,0) -> 0 | BB5: =IF(Q5=$J$14,V5,0) -> 0 | BC5: =IF(Q5=$J$14,V5,0) -> 0 | BD5: =IF(Q5=$J$14,V5,0) -> 0 | BE5: =IF(Q5=$J$14,V5,0) -> 0 | BF5: =IF(Q5=$J$14,V5,IF(Q5=$F$2,V5,0)) -> 0 | BG5: =IF(Q5=$J$14,V5,IF(Q5=$J$18,V5,0)) -> 0 | BH5: =IF(Q5=$J$14,V5,0) -> 0 | BI5: =IF(Q5=$J$14,V5,0) -> 0 | BJ5: =IF(Q5=$J$14,V5,IF(Q5=$J$17,V5,IF(Q5=$F$8,V5,0))) -> 0 | BK5: =IF(Q5=$J$7,V5,IF(Q5=$J$8,V5,IF(Q5=$J$9,V5,IF(Q5=$J$14,V5,IF(Q5=$J$10,V5,IF(Q5=$J$11,V5,IF(Q5=$J$12,V5,IF(Q5=$J$13,V5,IF(Q5=$K$5,V5,IF(Q5=$K$7,V5,IF(Q5=$K$3,V5,IF(Q5=$K$9,V5,IF(Q5=$K$10,V5,IF(Q5=$L$6,V5,IF(Q5=$E$10,V5,0))))))))))))))) -> 3166.3624 | BL5: =IF(Q5=$J$14,V5,IF(Q5=$L$8,V5,0)) -> 0 | BM5: =IF(Q5=$J$14,V5,0) -> 0 | BN5: =IF(Q5=$J$14,V5,0) -> 0 | BO5: =IF(Q5=$J$14,V5,0) -> 0 | BP5: =IF(Q5=$K$2,V5,IF(Q5=$K$19,V5,IF(Q5=$J$14,V5,IF(Q5=$K$6,V5,0)))) -> 0 | BQ5: =IF(Q5=$J$14,V5,0) -> 0 | BR5: =IF(Q5=$J$14,V5,0) -> 0 | BS5: =IF(Q5=$J$14,V5,0) -> 0 | BT5: =IF(Q5=$J$14,V5,0) -> 0 | BU5: =IF(Q5=$J$14,V5,IF(Q5=$K$4,V5,0)) -> 0 | BV5: =IF(Q5=$J$14,V5,0) -> 0 | BW5: =IF(Q5=$J$14,V5,0) -> 0 | BX5: =IF(Q5=$J$14,V5,0) -> 0 | BY5: =IF(Q5=$J$14,V5,0) -> 0 | BZ5: =IF(P5="Window",V5,IF(Q5=$J$14,V5,IF(Q5=$F$2,V5,0))) -> 0 | CA5: =IF(Q5=$J$14,V5,IF(Q5=$J$18,V5,0)) -> 0 | CB5: =IF(Q5=$J$14,V5,0) -> 0 | CC5: =IF(Q5=$J$14,V5,0) -> 0 | CD5: =IF(Q5=$J$14,V5,0) -> 0 | CE5: =IF(Q5=$J$14,V5,0) -> 0 | CF5: =IF(Q5=$J$14,V5,0) -> 0 | CG5: =IF(Q5=$J$14,V5,0) -> 0 | CH5: =IF(Q5=$J$14,V5,0) -> 0 | CI5: =IF(Q5=$J$14,V5,0) -> 0 | CJ5: =IF(Q5=$J$14,V5,0) -> 0
A6: Roof | B6: Novacem Strip Foundation (cy) | C6: Timber Studs and Painted Gypsum (sf) | D6: Novacem Concrete Cladding (sf) | E6: Novacem Concrete (sf) | F6: Asphalt Shingle (sf) | G6: Double Pane Plastic Frame (sf) | J6: Ground Source Heat Exchanger (ft) | K6: EV Station (Charger) | L6: Smart Glass (sf) | N6: Central | P6: ='Construction and Materials'!B20 -> Floor | Q6: ='Construction and Materials'!C20 -> Wood System (sf) | R6: ='Construction and Materials'!D20 -> 34275 | S6: =IF(NOT(Q6="Pick Type"),VLOOKUP(Q6,'LCA Data'!$C$8:$S$107,6,FALSE)*Lists!R6,0) -> 123047.25 | T6: =IF(NOT(Q6="Pick Type"),VLOOKUP(Q6,'LCA Data'!$C$8:$S$107,10,FALSE)*Lists!R6,0) -> 4798.5 | U6: =IF(NOT(Q6="Pick Type"),VLOOKUP(Q6,'LCA Data'!$C$8:$S$107,14,FALSE)*Lists!R6,0) -> 144211.58 | V6: =SUM(S6:U6) -> 272057.33 | W6: =IF(NOT(Q6="Pick Type"),VLOOKUP(Q6,'LCA Data'!$C$8:$S$107,7,FALSE)*Lists!R6,0) -> 1635929.3 | X6: =IF(NOT(Q6="Pick Type"),VLOOKUP(Q6,'LCA Data'!$C$8:$S$107,11,FALSE)*Lists!R6,0) -> 73903.824 | Y6: =IF(NOT(Q6="Pick Type"),VLOOKUP(Q6,'LCA Data'!$C$8:$S$107,15,FALSE)*Lists!R6,0) -> 2026333.8 | Z6: =SUM(W6:Y6) -> 3736166.9 | AA6: =IF(NOT(Q6="Pick Type"),VLOOKUP(Q6,'LCA Data'!$C$8:$S$107,8,FALSE)*Lists!R6,0) -> 730057.5 | AB6: =IF(NOT(Q6="Pick Type"),VLOOKUP(Q6,'LCA Data'!$C$8:$S$107,12,FALSE)*Lists!R6,0) -> 17171.775 | AC6: =IF(NOT(Q6="Pick Type"),VLOOKUP(Q6,'LCA Data'!$C$8:$S$107,16,FALSE)*Lists!R6,0) -> 2147913.8 | AD6: =SUM(AA6:AC6) -> 2895143.1 | AE6: =IF(NOT(Q6="Pick Type"),VLOOKUP(Q6,'LCA Data'!$C$8:$S$107,9,FALSE)*Lists!R6,0) -> 3.1772925e-06 | AF6: =IF(NOT(Q6="Pick Type"),VLOOKUP(Q6,'LCA Data'!$C$8:$S$107,13,FALSE)*Lists!R6,0) -> 0.000760905 | AG6: =IF(NOT(Q6="Pick Type"),VLOOKUP(Q6,'LCA Data'!$C$8:$S$107,17,FALSE)*Lists!R6,0) -> 5.8953e-06 | AH6: =SUM(AE6:AG6) -> 0.00076997759 | AI6: =IF(R6=0,NA(),Q6) -> Wood System (sf) | AK6: Assembly 3 --> | AL6: =V6 -> 272057.33 | AM6: =IF(Q6=$J$14,V6,0) -> 0 | AN6: =IF(Q6=$J$14,V6,0) -> 0 | AO6: =IF(Q6=$J$14,V6,0) -> 0 | AP6: =IF(Q6=$J$14,V6,0) -> 0 | AQ6: =IF(Q6=$J$14,V6,0) -> 0 | AR6: =IF(Q6=$J$14,V6,0) -> 0 | AS6: =IF(Q6=$J$14,V6,0) -> 0 | AT6: =IF(Q6=$J$14,V6,0) -> 0 | AU6: =IF(Q6=$J$14,V6,0) -> 0 | AV6: =IF(Q6=$J$14,V6,0) -> 0 | AW6: =IF(Q6=$J$14,V6,0) -> 0 | AX6: =IF(Q6=$J$14,V6,0) -> 0 | AY6: =IF(Q6=$J$14,V6,0) -> 0 | AZ6: =IF(Q6=$J$14,V6,0) -> 0 | BA6: =IF(Q6=$J$14,V6,0) -> 0 | BB6: =IF(Q6=$J$14,V6,0) -> 0 | BC6: =IF(Q6=$J$14,V6,0) -> 0 | BD6: =IF(Q6=$J$14,V6,0) -> 0 | BE6: =IF(Q6=$J$14,V6,0) -> 0 | BF6: =IF(Q6=$J$14,V6,IF(Q6=$F$2,V6,0)) -> 0 | BG6: =IF(Q6=$J$14,V6,IF(Q6=$J$18,V6,0)) -> 0 | BH6: =IF(Q6=$J$14,V6,0) -> 0 | BI6: =IF(Q6=$J$14,V6,0) -> 0 | BJ6: =IF(Q6=$J$14,V6,IF(Q6=$J$17,V6,IF(Q6=$F$8,V6,0))) -> 0 | BK6: =IF(Q6=$J$7,V6,IF(Q6=$J$8,V6,IF(Q6=$J$9,V6,IF(Q6=$J$14,V6,IF(Q6=$J$10,V6,IF(Q6=$J$11,V6,IF(Q6=$J$12,V6,IF(Q6=$J$13,V6,IF(Q6=$K$5,V6,IF(Q6=$K$7,V6,IF(Q6=$K$3,V6,IF(Q6=$K$9,V6,IF(Q6=$K$10,V6,IF(Q6=$L$6,V6,IF(Q6=$E$10,V6,0))))))))))))))) -> 0 | BL6: =IF(Q6=$J$14,V6,IF(Q6=$L$8,V6,0)) -> 0 | BM6: =IF(Q6=$J$14,V6,0) -> 0 | BN6: =IF(Q6=$J$14,V6,0) -> 0 | BO6: =IF(Q6=$J$14,V6,0) -> 0 | BP6: =IF(Q6=$K$2,V6,IF(Q6=$K$19,V6,IF(Q6=$J$14,V6,IF(Q6=$K$6,V6,0)))) -> 0 | BQ6: =IF(Q6=$J$14,V6,0) -> 0 | BR6: =IF(Q6=$J$14,V6,0) -> 0 | BS6: =IF(Q6=$J$14,V6,0) -> 0 | BT6: =IF(Q6=$J$14,V6,0) -> 0 | BU6: =IF(Q6=$J$14,V6,IF(Q6=$K$4,V6,0)) -> 0 | BV6: =IF(Q6=$J$14,V6,0) -> 0 | BW6: =IF(Q6=$J$14,V6,0) -> 0 | BX6: =IF(Q6=$J$14,V6,0) -> 0 | BY6: =IF(Q6=$J$14,V6,0) -> 0 | BZ6: =IF(P6="Window",V6,IF(Q6=$J$14,V6,IF(Q6=$F$2,V6,0))) -> 0 | CA6: =IF(Q6=$J$14,V6,IF(Q6=$J$18,V6,0)) -> 0 | CB6: =IF(Q6=$J$14,V6,0) -> 0 | CC6: =IF(Q6=$J$14,V6,0) -> 0 | CD6: =IF(Q6=$J$14,V6,0) -> 0 | CE6: =IF(Q6=$J$14,V6,0) -> 0 | CF6: =IF(Q6=$J$14,V6,0) -> 0 | CG6: =IF(Q6=$J$14,V6,0) -> 0 | CH6: =IF(Q6=$J$14,V6,0) -> 0 | CI6: =IF(Q6=$J$14,V6,0) -> 0 | CJ6: =IF(Q6=$J$14,V6,0) -> 0
A7: Window | B7: Novacem Mat and Pile (cy) | D7: EIFS on Metal Stud (sf) | E7: Novacem Concrete and Carpet (sf) | F7: BioPCM Phase Changing Insulation (sf) | G7: Triple Pane Plastic Frame (sf) | J7: Air Handling Unit (m^3/s) | K7: QR5 (Turbine) | L7: Ceramic Frittering (sf) | N7: Express | P7: ='Construction and Materials'!B21 -> Columns | Q7: ='Construction and Materials'!C21 -> Wood Column (kg) | R7: ='Construction and Materials'!D21 -> 2709 | S7: =IF(NOT(Q7="Pick Type"),VLOOKUP(Q7,'LCA Data'!$C$8:$S$107,6,FALSE)*Lists!R7,0) -> 1509.4548 | T7: =IF(NOT(Q7="Pick Type"),VLOOKUP(Q7,'LCA Data'!$C$8:$S$107,10,FALSE)*Lists!R7,0) -> 60.4107 | U7: =IF(NOT(Q7="Pick Type"),VLOOKUP(Q7,'LCA Data'!$C$8:$S$107,14,FALSE)*Lists!R7,0) -> 1070.055 | V7: =SUM(S7:U7) -> 2639.9205 | W7: =IF(NOT(Q7="Pick Type"),VLOOKUP(Q7,'LCA Data'!$C$8:$S$107,7,FALSE)*Lists!R7,0) -> 18675.169 | X7: =IF(NOT(Q7="Pick Type"),VLOOKUP(Q7,'LCA Data'!$C$8:$S$107,11,FALSE)*Lists!R7,0) -> 930.04738 | Y7: =IF(NOT(Q7="Pick Type"),VLOOKUP(Q7,'LCA Data'!$C$8:$S$107,15,FALSE)*Lists!R7,0) -> 15084.915 | Z7: =SUM(W7:Y7) -> 34690.131 | AA7: =IF(NOT(Q7="Pick Type"),VLOOKUP(Q7,'LCA Data'!$C$8:$S$107,8,FALSE)*Lists!R7,0) -> 5289.0516 | AB7: =IF(NOT(Q7="Pick Type"),VLOOKUP(Q7,'LCA Data'!$C$8:$S$107,12,FALSE)*Lists!R7,0) -> 215.6364 | AC7: =IF(NOT(Q7="Pick Type"),VLOOKUP(Q7,'LCA Data'!$C$8:$S$107,16,FALSE)*Lists!R7,0) -> 15990.01 | AD7: =SUM(AA7:AC7) -> 21494.698 | AE7: =IF(NOT(Q7="Pick Type"),VLOOKUP(Q7,'LCA Data'!$C$8:$S$107,9,FALSE)*Lists!R7,0) -> 3.315816e-08 | AF7: =IF(NOT(Q7="Pick Type"),VLOOKUP(Q7,'LCA Data'!$C$8:$S$107,13,FALSE)*Lists!R7,0) -> 9.58986e-06 | AG7: =IF(NOT(Q7="Pick Type"),VLOOKUP(Q7,'LCA Data'!$C$8:$S$107,17,FALSE)*Lists!R7,0) -> 4.36149e-08 | AH7: =SUM(AE7:AG7) -> 9.6666331e-06 | AI7: =IF(R7=0,NA(),Q7) -> Wood Column (kg) | AK7: " | AL7: =V7 -> 2639.9205 | AM7: =IF(Q7=$J$14,V7,0) -> 0 | AN7: =IF(Q7=$J$14,V7,0) -> 0 | AO7: =IF(Q7=$J$14,V7,0) -> 0 | AP7: =IF(Q7=$J$14,V7,0) -> 0 | AQ7: =IF(Q7=$J$14,V7,0) -> 0 | AR7: =IF(Q7=$J$14,V7,0) -> 0 | AS7: =IF(Q7=$J$14,V7,0) -> 0 | AT7: =IF(Q7=$J$14,V7,0) -> 0 | AU7: =IF(Q7=$J$14,V7,0) -> 0 | AV7: =IF(Q7=$J$14,V7,0) -> 0 | AW7: =IF(Q7=$J$14,V7,0) -> 0 | AX7: =IF(Q7=$J$14,V7,0) -> 0 | AY7: =IF(Q7=$J$14,V7,0) -> 0 | AZ7: =IF(Q7=$J$14,V7,0) -> 0 | BA7: =IF(Q7=$J$14,V7,0) -> 0 | BB7: =IF(Q7=$J$14,V7,0) -> 0 | BC7: =IF(Q7=$J$14,V7,0) -> 0 | BD7: =IF(Q7=$J$14,V7,0) -> 0 | BE7: =IF(Q7=$J$14,V7,0) -> 0 | BF7: =IF(Q7=$J$14,V7,IF(Q7=$F$2,V7,0)) -> 0 | BG7: =IF(Q7=$J$14,V7,IF(Q7=$J$18,V7,0)) -> 0 | BH7: =IF(Q7=$J$14,V7,0) -> 0 | BI7: =IF(Q7=$J$14,V7,0) -> 0 | BJ7: =IF(Q7=$J$14,V7,IF(Q7=$J$17,V7,IF(Q7=$F$8,V7,0))) -> 0 | BK7: =IF(Q7=$J$7,V7,IF(Q7=$J$8,V7,IF(Q7=$J$9,V7,IF(Q7=$J$14,V7,IF(Q7=$J$10,V7,IF(Q7=$J$11,V7,IF(Q7=$J$12,V7,IF(Q7=$J$13,V7,IF(Q7=$K$5,V7,IF(Q7=$K$7,V7,IF(Q7=$K$3,V7,IF(Q7=$K$9,V7,IF(Q7=$K$10,V7,IF(Q7=$L$6,V7,IF(Q7=$E$10,V7,0))))))))))))))) -> 0 | BL7: =IF(Q7=$J$14,V7,IF(Q7=$L$8,V7,0)) -> 0 | BM7: =IF(Q7=$J$14,V7,0) -> 0 | BN7: =IF(Q7=$J$14,V7,0) -> 0 | BO7: =IF(Q7=$J$14,V7,0) -> 0 | BP7: =IF(Q7=$K$2,V7,IF(Q7=$K$19,V7,IF(Q7=$J$14,V7,IF(Q7=$K$6,V7,0)))) -> 0 | BQ7: =IF(Q7=$J$14,V7,0) -> 0 | BR7: =IF(Q7=$J$14,V7,0) -> 0 | BS7: =IF(Q7=$J$14,V7,0) -> 0 | BT7: =IF(Q7=$J$14,V7,0) -> 0 | BU7: =IF(Q7=$J$14,V7,IF(Q7=$K$4,V7,0)) -> 0 | BV7: =IF(Q7=$J$14,V7,0) -> 0 | BW7: =IF(Q7=$J$14,V7,0) -> 0 | BX7: =IF(Q7=$J$14,V7,0) -> 0 | BY7: =IF(Q7=$J$14,V7,0) -> 0 | BZ7: =IF(P7="Window",V7,IF(Q7=$J$14,V7,IF(Q7=$F$2,V7,0))) -> 0 | CA7: =IF(Q7=$J$14,V7,IF(Q7=$J$18,V7,0)) -> 0 | CB7: =IF(Q7=$J$14,V7,0) -> 0 | CC7: =IF(Q7=$J$14,V7,0) -> 0 | CD7: =IF(Q7=$J$14,V7,0) -> 0 | CE7: =IF(Q7=$J$14,V7,0) -> 0 | CF7: =IF(Q7=$J$14,V7,0) -> 0 | CG7: =IF(Q7=$J$14,V7,0) -> 0 | CH7: =IF(Q7=$J$14,V7,0) -> 0 | CI7: =IF(Q7=$J$14,V7,0) -> 0 | CJ7: =IF(Q7=$J$14,V7,0) -> 0
A8: Columns | D8: Brick on Metal Stud (sf) | E8: Novacem Concrete and Ceramic (sf) | F8: Green Roof (sf) | J8: AHU w/Plate Waste Heat Recovery (m^3/s) | K8: Energain Thermal Mass Panels (sf) | L8: The Expanded Metal Company Steel Façade Panels (sf) | P8: ='Construction and Materials'!B22 -> Foundation | Q8: ='Construction and Materials'!C22 -> Concrete Slab (cy) | R8: ='Construction and Materials'!D22 -> 10337 | S8: =IF(NOT(Q8="Pick Type"),VLOOKUP(Q8,'LCA Data'!$C$8:$S$107,6,FALSE)*Lists!R8,0) -> 3322136.1 | T8: =IF(NOT(Q8="Pick Type"),VLOOKUP(Q8,'LCA Data'!$C$8:$S$107,10,FALSE)*Lists!R8,0) -> 138986.86 | U8: =IF(NOT(Q8="Pick Type"),VLOOKUP(Q8,'LCA Data'!$C$8:$S$107,14,FALSE)*Lists!R8,0) -> 56440.02 | V8: =SUM(S8:U8) -> 3517562.9 | W8: =IF(NOT(Q8="Pick Type"),VLOOKUP(Q8,'LCA Data'!$C$8:$S$107,7,FALSE)*Lists!R8,0) -> 21182710 | X8: =IF(NOT(Q8="Pick Type"),VLOOKUP(Q8,'LCA Data'!$C$8:$S$107,11,FALSE)*Lists!R8,0) -> 2134539.5 | Y8: =IF(NOT(Q8="Pick Type"),VLOOKUP(Q8,'LCA Data'!$C$8:$S$107,15,FALSE)*Lists!R8,0) -> 882890.61 | Z8: =SUM(W8:Y8) -> 24200140 | AA8: =IF(NOT(Q8="Pick Type"),VLOOKUP(Q8,'LCA Data'!$C$8:$S$107,8,FALSE)*Lists!R8,0) -> 39624347 | AB8: =IF(NOT(Q8="Pick Type"),VLOOKUP(Q8,'LCA Data'!$C$8:$S$107,12,FALSE)*Lists!R8,0) -> 495141.27 | AC8: =IF(NOT(Q8="Pick Type"),VLOOKUP(Q8,'LCA Data'!$C$8:$S$107,16,FALSE)*Lists!R8,0) -> 935864.05 | AD8: =SUM(AA8:AC8) -> 41055352 | AE8: =IF(NOT(Q8="Pick Type"),VLOOKUP(Q8,'LCA Data'!$C$8:$S$107,9,FALSE)*Lists!R8,0) -> 0.1161879 | AF8: =IF(NOT(Q8="Pick Type"),VLOOKUP(Q8,'LCA Data'!$C$8:$S$107,13,FALSE)*Lists!R8,0) -> 0.022037295 | AG8: =IF(NOT(Q8="Pick Type"),VLOOKUP(Q8,'LCA Data'!$C$8:$S$107,17,FALSE)*Lists!R8,0) -> 2.563576e-06 | AH8: =SUM(AE8:AG8) -> 0.13822776 | AI8: =IF(R8=0,NA(),Q8) -> Concrete Slab (cy) | AK8: " | AL8: =V8 -> 3517562.9 | AM8: =IF(Q8=$J$14,V8,0) -> 0 | AN8: =IF(Q8=$J$14,V8,0) -> 0 | AO8: =IF(Q8=$J$14,V8,0) -> 0 | AP8: =IF(Q8=$J$14,V8,0) -> 0 | AQ8: =IF(Q8=$J$14,V8,0) -> 0 | AR8: =IF(Q8=$J$14,V8,0) -> 0 | AS8: =IF(Q8=$J$14,V8,0) -> 0 | AT8: =IF(Q8=$J$14,V8,0) -> 0 | AU8: =IF(Q8=$J$14,V8,0) -> 0 | AV8: =IF(Q8=$J$14,V8,0) -> 0 | AW8: =IF(Q8=$J$14,V8,0) -> 0 | AX8: =IF(Q8=$J$14,V8,0) -> 0 | AY8: =IF(Q8=$J$14,V8,0) -> 0 | AZ8: =IF(Q8=$J$14,V8,0) -> 0 | BA8: =IF(Q8=$J$14,V8,0) -> 0 | BB8: =IF(Q8=$J$14,V8,0) -> 0 | BC8: =IF(Q8=$J$14,V8,0) -> 0 | BD8: =IF(Q8=$J$14,V8,0) -> 0 | BE8: =IF(Q8=$J$14,V8,0) -> 0 | BF8: =IF(Q8=$J$14,V8,IF(Q8=$F$2,V8,0)) -> 0 | BG8: =IF(Q8=$J$14,V8,IF(Q8=$J$18,V8,0)) -> 0 | BH8: =IF(Q8=$J$14,V8,0) -> 0 | BI8: =IF(Q8=$J$14,V8,0) -> 0 | BJ8: =IF(Q8=$J$14,V8,IF(Q8=$J$17,V8,IF(Q8=$F$8,V8,0))) -> 0 | BK8: =IF(Q8=$J$7,V8,IF(Q8=$J$8,V8,IF(Q8=$J$9,V8,IF(Q8=$J$14,V8,IF(Q8=$J$10,V8,IF(Q8=$J$11,V8,IF(Q8=$J$12,V8,IF(Q8=$J$13,V8,IF(Q8=$K$5,V8,IF(Q8=$K$7,V8,IF(Q8=$K$3,V8,IF(Q8=$K$9,V8,IF(Q8=$K$10,V8,IF(Q8=$L$6,V8,IF(Q8=$E$10,V8,0))))))))))))))) -> 0 | BL8: =IF(Q8=$J$14,V8,IF(Q8=$L$8,V8,0)) -> 0 | BM8: =IF(Q8=$J$14,V8,0) -> 0 | BN8: =IF(Q8=$J$14,V8,0) -> 0 | BO8: =IF(Q8=$J$14,V8,0) -> 0 | BP8: =IF(Q8=$K$2,V8,IF(Q8=$K$19,V8,IF(Q8=$J$14,V8,IF(Q8=$K$6,V8,0)))) -> 0 | BQ8: =IF(Q8=$J$14,V8,0) -> 0 | BR8: =IF(Q8=$J$14,V8,0) -> 0 | BS8: =IF(Q8=$J$14,V8,0) -> 0 | BT8: =IF(Q8=$J$14,V8,0) -> 0 | BU8: =IF(Q8=$J$14,V8,IF(Q8=$K$4,V8,0)) -> 0 | BV8: =IF(Q8=$J$14,V8,0) -> 0 | BW8: =IF(Q8=$J$14,V8,0) -> 0 | BX8: =IF(Q8=$J$14,V8,0) -> 0 | BY8: =IF(Q8=$J$14,V8,0) -> 0 | BZ8: =IF(P8="Window",V8,IF(Q8=$J$14,V8,IF(Q8=$F$2,V8,0))) -> 0 | CA8: =IF(Q8=$J$14,V8,IF(Q8=$J$18,V8,0)) -> 0 | CB8: =IF(Q8=$J$14,V8,0) -> 0 | CC8: =IF(Q8=$J$14,V8,0) -> 0 | CD8: =IF(Q8=$J$14,V8,0) -> 0 | CE8: =IF(Q8=$J$14,V8,0) -> 0 | CF8: =IF(Q8=$J$14,V8,0) -> 0 | CG8: =IF(Q8=$J$14,V8,0) -> 0 | CH8: =IF(Q8=$J$14,V8,0) -> 0 | CI8: =IF(Q8=$J$14,V8,0) -> 0 | CJ8: =IF(Q8=$J$14,V8,0) -> 0
A9: Beams | D9: Brick on Concrete (sf) | E9: Epicore (sf) | J9: AHU w/Wheel Waste Heat Recovery (m^3/s) | K9: Millennium PVT (Panel) | L9: Novelis FF3 Aluminum Panel (sf) | P9: ='Construction and Materials'!B23 -> Interior Wall | Q9: ='Construction and Materials'!C23 -> Curtain Wall (sf) | R9: ='Construction and Materials'!D23 -> 12826 | S9: =IF(NOT(Q9="Pick Type"),VLOOKUP(Q9,'LCA Data'!$C$8:$S$107,6,FALSE)*Lists!R9,0) -> 30397.62 | T9: =IF(NOT(Q9="Pick Type"),VLOOKUP(Q9,'LCA Data'!$C$8:$S$107,10,FALSE)*Lists!R9,0) -> 678.4954 | U9: =IF(NOT(Q9="Pick Type"),VLOOKUP(Q9,'LCA Data'!$C$8:$S$107,14,FALSE)*Lists!R9,0) -> 146672.11 | V9: =SUM(S9:U9) -> 177748.22 | W9: =IF(NOT(Q9="Pick Type"),VLOOKUP(Q9,'LCA Data'!$C$8:$S$107,7,FALSE)*Lists!R9,0) -> 358178.31 | X9: =IF(NOT(Q9="Pick Type"),VLOOKUP(Q9,'LCA Data'!$C$8:$S$107,11,FALSE)*Lists!R9,0) -> 10471.48 | Y9: =IF(NOT(Q9="Pick Type"),VLOOKUP(Q9,'LCA Data'!$C$8:$S$107,15,FALSE)*Lists!R9,0) -> 2060906.5 | Z9: =SUM(W9:Y9) -> 2429556.2 | AA9: =IF(NOT(Q9="Pick Type"),VLOOKUP(Q9,'LCA Data'!$C$8:$S$107,8,FALSE)*Lists!R9,0) -> 275759 | AB9: =IF(NOT(Q9="Pick Type"),VLOOKUP(Q9,'LCA Data'!$C$8:$S$107,12,FALSE)*Lists!R9,0) -> 2424.114 | AC9: =IF(NOT(Q9="Pick Type"),VLOOKUP(Q9,'LCA Data'!$C$8:$S$107,16,FALSE)*Lists!R9,0) -> 2184560.8 | AD9: =SUM(AA9:AC9) -> 2462744 | AE9: =IF(NOT(Q9="Pick Type"),VLOOKUP(Q9,'LCA Data'!$C$8:$S$107,9,FALSE)*Lists!R9,0) -> 0.002731938 | AF9: =IF(NOT(Q9="Pick Type"),VLOOKUP(Q9,'LCA Data'!$C$8:$S$107,13,FALSE)*Lists!R9,0) -> 0.0001077384 | AG9: =IF(NOT(Q9="Pick Type"),VLOOKUP(Q9,'LCA Data'!$C$8:$S$107,17,FALSE)*Lists!R9,0) -> 5.989742e-06 | AH9: =SUM(AE9:AG9) -> 0.0028456661 | AI9: =IF(R9=0,NA(),Q9) -> Curtain Wall (sf) | AK9: " | AL9: =V9 -> 177748.22 | AM9: =IF(Q9=$J$14,V9,0) -> 0 | AN9: =IF(Q9=$J$14,V9,0) -> 0 | AO9: =IF(Q9=$J$14,V9,0) -> 0 | AP9: =IF(Q9=$J$14,V9,0) -> 0 | AQ9: =IF(Q9=$J$14,V9,0) -> 0 | AR9: =IF(Q9=$J$14,V9,0) -> 0 | AS9: =IF(Q9=$J$14,V9,0) -> 0 | AT9: =IF(Q9=$J$14,V9,0) -> 0 | AU9: =IF(Q9=$J$14,V9,0) -> 0 | AV9: =IF(Q9=$J$14,V9,0) -> 0 | AW9: =IF(Q9=$J$14,V9,0) -> 0 | AX9: =IF(Q9=$J$14,V9,0) -> 0 | AY9: =IF(Q9=$J$14,V9,0) -> 0 | AZ9: =IF(Q9=$J$14,V9,0) -> 0 | BA9: =IF(Q9=$J$14,V9,0) -> 0 | BB9: =IF(Q9=$J$14,V9,0) -> 0 | BC9: =IF(Q9=$J$14,V9,0) -> 0 | BD9: =IF(Q9=$J$14,V9,0) -> 0 | BE9: =IF(Q9=$J$14,V9,0) -> 0 | BF9: =IF(Q9=$J$14,V9,IF(Q9=$F$2,V9,0)) -> 0 | BG9: =IF(Q9=$J$14,V9,IF(Q9=$J$18,V9,0)) -> 0 | BH9: =IF(Q9=$J$14,V9,0) -> 0 | BI9: =IF(Q9=$J$14,V9,0) -> 0 | BJ9: =IF(Q9=$J$14,V9,IF(Q9=$J$17,V9,IF(Q9=$F$8,V9,0))) -> 0 | BK9: =IF(Q9=$J$7,V9,IF(Q9=$J$8,V9,IF(Q9=$J$9,V9,IF(Q9=$J$14,V9,IF(Q9=$J$10,V9,IF(Q9=$J$11,V9,IF(Q9=$J$12,V9,IF(Q9=$J$13,V9,IF(Q9=$K$5,V9,IF(Q9=$K$7,V9,IF(Q9=$K$3,V9,IF(Q9=$K$9,V9,IF(Q9=$K$10,V9,IF(Q9=$L$6,V9,IF(Q9=$E$10,V9,0))))))))))))))) -> 0 | BL9: =IF(Q9=$J$14,V9,IF(Q9=$L$8,V9,0)) -> 0 | BM9: =IF(Q9=$J$14,V9,0) -> 0 | BN9: =IF(Q9=$J$14,V9,0) -> 0 | BO9: =IF(Q9=$J$14,V9,0) -> 0 | BP9: =IF(Q9=$K$2,V9,IF(Q9=$K$19,V9,IF(Q9=$J$14,V9,IF(Q9=$K$6,V9,0)))) -> 0 | BQ9: =IF(Q9=$J$14,V9,0) -> 0 | BR9: =IF(Q9=$J$14,V9,0) -> 0 | BS9: =IF(Q9=$J$14,V9,0) -> 0 | BT9: =IF(Q9=$J$14,V9,0) -> 0 | BU9: =IF(Q9=$J$14,V9,IF(Q9=$K$4,V9,0)) -> 0 | BV9: =IF(Q9=$J$14,V9,0) -> 0 | BW9: =IF(Q9=$J$14,V9,0) -> 0 | BX9: =IF(Q9=$J$14,V9,0) -> 0 | BY9: =IF(Q9=$J$14,V9,0) -> 0 | BZ9: =IF(P9="Window",V9,IF(Q9=$J$14,V9,IF(Q9=$F$2,V9,0))) -> 0 | CA9: =IF(Q9=$J$14,V9,IF(Q9=$J$18,V9,0)) -> 0 | CB9: =IF(Q9=$J$14,V9,0) -> 0 | CC9: =IF(Q9=$J$14,V9,0) -> 0 | CD9: =IF(Q9=$J$14,V9,0) -> 0 | CE9: =IF(Q9=$J$14,V9,0) -> 0 | CF9: =IF(Q9=$J$14,V9,0) -> 0 | CG9: =IF(Q9=$J$14,V9,0) -> 0 | CH9: =IF(Q9=$J$14,V9,0) -> 0 | CI9: =IF(Q9=$J$14,V9,0) -> 0 | CJ9: =IF(Q9=$J$14,V9,0) -> 0
A10: MEP | D10: Recycled Brick (sf) | E10: Carpet (sf) | J10: Heat Pump (nominal tons) | K10: Transparent PV Glass (sf) | P10: ='Construction and Materials'!B24 -> Pick Assembly | Q10: ='Construction and Materials'!C24 -> Pick Type | R10: ='Construction and Materials'!D24 | S10: =IF(NOT(Q10="Pick Type"),VLOOKUP(Q10,'LCA Data'!$C$8:$S$107,6,FALSE)*Lists!R10,0) -> 0 | T10: =IF(NOT(Q10="Pick Type"),VLOOKUP(Q10,'LCA Data'!$C$8:$S$107,10,FALSE)*Lists!R10,0) -> 0 | U10: =IF(NOT(Q10="Pick Type"),VLOOKUP(Q10,'LCA Data'!$C$8:$S$107,14,FALSE)*Lists!R10,0) -> 0 | V10: =SUM(S10:U10) -> 0 | W10: =IF(NOT(Q10="Pick Type"),VLOOKUP(Q10,'LCA Data'!$C$8:$S$107,7,FALSE)*Lists!R10,0) -> 0 | X10: =IF(NOT(Q10="Pick Type"),VLOOKUP(Q10,'LCA Data'!$C$8:$S$107,11,FALSE)*Lists!R10,0) -> 0 | Y10: =IF(NOT(Q10="Pick Type"),VLOOKUP(Q10,'LCA Data'!$C$8:$S$107,15,FALSE)*Lists!R10,0) -> 0 | Z10: =SUM(W10:Y10) -> 0 | AA10: =IF(NOT(Q10="Pick Type"),VLOOKUP(Q10,'LCA Data'!$C$8:$S$107,8,FALSE)*Lists!R10,0) -> 0 | AB10: =IF(NOT(Q10="Pick Type"),VLOOKUP(Q10,'LCA Data'!$C$8:$S$107,12,FALSE)*Lists!R10,0) -> 0 | AC10: =IF(NOT(Q10="Pick Type"),VLOOKUP(Q10,'LCA Data'!$C$8:$S$107,16,FALSE)*Lists!R10,0) -> 0 | AD10: =SUM(AA10:AC10) -> 0 | AE10: =IF(NOT(Q10="Pick Type"),VLOOKUP(Q10,'LCA Data'!$C$8:$S$107,9,FALSE)*Lists!R10,0) -> 0 | AF10: =IF(NOT(Q10="Pick Type"),VLOOKUP(Q10,'LCA Data'!$C$8:$S$107,13,FALSE)*Lists!R10,0) -> 0 | AG10: =IF(NOT(Q10="Pick Type"),VLOOKUP(Q10,'LCA Data'!$C$8:$S$107,17,FALSE)*Lists!R10,0) -> 0 | AH10: =SUM(AE10:AG10) -> 0 | AI10: =IF(R10=0,NA(),Q10) -> #N/A | AK10: " | AL10: =V10 -> 0 | AM10: =IF(Q10=$J$14,V10,0) -> 0 | AN10: =IF(Q10=$J$14,V10,0) -> 0 | AO10: =IF(Q10=$J$14,V10,0) -> 0 | AP10: =IF(Q10=$J$14,V10,0) -> 0 | AQ10: =IF(Q10=$J$14,V10,0) -> 0 | AR10: =IF(Q10=$J$14,V10,0) -> 0 | AS10: =IF(Q10=$J$14,V10,0) -> 0 | AT10: =IF(Q10=$J$14,V10,0) -> 0 | AU10: =IF(Q10=$J$14,V10,0) -> 0 | AV10: =IF(Q10=$J$14,V10,0) -> 0 | AW10: =IF(Q10=$J$14,V10,0) -> 0 | AX10: =IF(Q10=$J$14,V10,0) -> 0 | AY10: =IF(Q10=$J$14,V10,0) -> 0 | AZ10: =IF(Q10=$J$14,V10,0) -> 0 | BA10: =IF(Q10=$J$14,V10,0) -> 0 | BB10: =IF(Q10=$J$14,V10,0) -> 0 | BC10: =IF(Q10=$J$14,V10,0) -> 0 | BD10: =IF(Q10=$J$14,V10,0) -> 0 | BE10: =IF(Q10=$J$14,V10,0) -> 0 | BF10: =IF(Q10=$J$14,V10,IF(Q10=$F$2,V10,0)) -> 0 | BG10: =IF(Q10=$J$14,V10,IF(Q10=$J$18,V10,0)) -> 0 | BH10: =IF(Q10=$J$14,V10,0) -> 0 | BI10: =IF(Q10=$J$14,V10,0) -> 0 | BJ10: =IF(Q10=$J$14,V10,IF(Q10=$J$17,V10,IF(Q10=$F$8,V10,0))) -> 0 | BK10: =IF(Q10=$J$7,V10,IF(Q10=$J$8,V10,IF(Q10=$J$9,V10,IF(Q10=$J$14,V10,IF(Q10=$J$10,V10,IF(Q10=$J$11,V10,IF(Q10=$J$12,V10,IF(Q10=$J$13,V10,IF(Q10=$K$5,V10,IF(Q10=$K$7,V10,IF(Q10=$K$3,V10,IF(Q10=$K$9,V10,IF(Q10=$K$10,V10,IF(Q10=$L$6,V10,IF(Q10=$E$10,V10,0))))))))))))))) -> 0 | BL10: =IF(Q10=$J$14,V10,IF(Q10=$L$8,V10,0)) -> 0 | BM10: =IF(Q10=$J$14,V10,0) -> 0 | BN10: =IF(Q10=$J$14,V10,0) -> 0 | BO10: =IF(Q10=$J$14,V10,0) -> 0 | BP10: =IF(Q10=$K$2,V10,IF(Q10=$K$19,V10,IF(Q10=$J$14,V10,IF(Q10=$K$6,V10,0)))) -> 0 | BQ10: =IF(Q10=$J$14,V10,0) -> 0 | BR10: =IF(Q10=$J$14,V10,0) -> 0 | BS10: =IF(Q10=$J$14,V10,0) -> 0 | BT10: =IF(Q10=$J$14,V10,0) -> 0 | BU10: =IF(Q10=$J$14,V10,IF(Q10=$K$4,V10,0)) -> 0 | BV10: =IF(Q10=$J$14,V10,0) -> 0 | BW10: =IF(Q10=$J$14,V10,0) -> 0 | BX10: =IF(Q10=$J$14,V10,0) -> 0 | BY10: =IF(Q10=$J$14,V10,0) -> 0 | BZ10: =IF(P10="Window",V10,IF(Q10=$J$14,V10,IF(Q10=$F$2,V10,0))) -> 0 | CA10: =IF(Q10=$J$14,V10,IF(Q10=$J$18,V10,0)) -> 0 | CB10: =IF(Q10=$J$14,V10,0) -> 0 | CC10: =IF(Q10=$J$14,V10,0) -> 0 | CD10: =IF(Q10=$J$14,V10,0) -> 0 | CE10: =IF(Q10=$J$14,V10,0) -> 0 | CF10: =IF(Q10=$J$14,V10,0) -> 0 | CG10: =IF(Q10=$J$14,V10,0) -> 0 | CH10: =IF(Q10=$J$14,V10,0) -> 0 | CI10: =IF(Q10=$J$14,V10,0) -> 0 | CJ10: =IF(Q10=$J$14,V10,0) -> 0
A11: Energy | D11: Structurally Insulated Panels (sf) | E11: Bubble Deck (sf) | J11: Air Conditioner (nominal tons) | K11: AeroVironment Wind (Turbine) | P11: ='Construction and Materials'!B25 -> Pick Assembly | Q11: ='Construction and Materials'!C25 -> Pick Type | R11: ='Construction and Materials'!D25 | S11: =IF(NOT(Q11="Pick Type"),VLOOKUP(Q11,'LCA Data'!$C$8:$S$107,6,FALSE)*Lists!R11,0) -> 0 | T11: =IF(NOT(Q11="Pick Type"),VLOOKUP(Q11,'LCA Data'!$C$8:$S$107,10,FALSE)*Lists!R11,0) -> 0 | U11: =IF(NOT(Q11="Pick Type"),VLOOKUP(Q11,'LCA Data'!$C$8:$S$107,14,FALSE)*Lists!R11,0) -> 0 | V11: =SUM(S11:U11) -> 0 | W11: =IF(NOT(Q11="Pick Type"),VLOOKUP(Q11,'LCA Data'!$C$8:$S$107,7,FALSE)*Lists!R11,0) -> 0 | X11: =IF(NOT(Q11="Pick Type"),VLOOKUP(Q11,'LCA Data'!$C$8:$S$107,11,FALSE)*Lists!R11,0) -> 0 | Y11: =IF(NOT(Q11="Pick Type"),VLOOKUP(Q11,'LCA Data'!$C$8:$S$107,15,FALSE)*Lists!R11,0) -> 0 | Z11: =SUM(W11:Y11) -> 0 | AA11: =IF(NOT(Q11="Pick Type"),VLOOKUP(Q11,'LCA Data'!$C$8:$S$107,8,FALSE)*Lists!R11,0) -> 0 | AB11: =IF(NOT(Q11="Pick Type"),VLOOKUP(Q11,'LCA Data'!$C$8:$S$107,12,FALSE)*Lists!R11,0) -> 0 | AC11: =IF(NOT(Q11="Pick Type"),VLOOKUP(Q11,'LCA Data'!$C$8:$S$107,16,FALSE)*Lists!R11,0) -> 0 | AD11: =SUM(AA11:AC11) -> 0 | AE11: =IF(NOT(Q11="Pick Type"),VLOOKUP(Q11,'LCA Data'!$C$8:$S$107,9,FALSE)*Lists!R11,0) -> 0 | AF11: =IF(NOT(Q11="Pick Type"),VLOOKUP(Q11,'LCA Data'!$C$8:$S$107,13,FALSE)*Lists!R11,0) -> 0 | AG11: =IF(NOT(Q11="Pick Type"),VLOOKUP(Q11,'LCA Data'!$C$8:$S$107,17,FALSE)*Lists!R11,0) -> 0 | AH11: =SUM(AE11:AG11) -> 0 | AI11: =IF(R11=0,NA(),Q11) -> #N/A | AK11: " | AL11: =V11 -> 0 | AM11: =IF(Q11=$J$14,V11,0) -> 0 | AN11: =IF(Q11=$J$14,V11,0) -> 0 | AO11: =IF(Q11=$J$14,V11,0) -> 0 | AP11: =IF(Q11=$J$14,V11,0) -> 0 | AQ11: =IF(Q11=$J$14,V11,0) -> 0 | AR11: =IF(Q11=$J$14,V11,0) -> 0 | AS11: =IF(Q11=$J$14,V11,0) -> 0 | AT11: =IF(Q11=$J$14,V11,0) -> 0 | AU11: =IF(Q11=$J$14,V11,0) -> 0 | AV11: =IF(Q11=$J$14,V11,0) -> 0 | AW11: =IF(Q11=$J$14,V11,0) -> 0 | AX11: =IF(Q11=$J$14,V11,0) -> 0 | AY11: =IF(Q11=$J$14,V11,0) -> 0 | AZ11: =IF(Q11=$J$14,V11,0) -> 0 | BA11: =IF(Q11=$J$14,V11,0) -> 0 | BB11: =IF(Q11=$J$14,V11,0) -> 0 | BC11: =IF(Q11=$J$14,V11,0) -> 0 | BD11: =IF(Q11=$J$14,V11,0) -> 0 | BE11: =IF(Q11=$J$14,V11,0) -> 0 | BF11: =IF(Q11=$J$14,V11,IF(Q11=$F$2,V11,0)) -> 0 | BG11: =IF(Q11=$J$14,V11,IF(Q11=$J$18,V11,0)) -> 0 | BH11: =IF(Q11=$J$14,V11,0) -> 0 | BI11: =IF(Q11=$J$14,V11,0) -> 0 | BJ11: =IF(Q11=$J$14,V11,IF(Q11=$J$17,V11,IF(Q11=$F$8,V11,0))) -> 0 | BK11: =IF(Q11=$J$7,V11,IF(Q11=$J$8,V11,IF(Q11=$J$9,V11,IF(Q11=$J$14,V11,IF(Q11=$J$10,V11,IF(Q11=$J$11,V11,IF(Q11=$J$12,V11,IF(Q11=$J$13,V11,IF(Q11=$K$5,V11,IF(Q11=$K$7,V11,IF(Q11=$K$3,V11,IF(Q11=$K$9,V11,IF(Q11=$K$10,V11,IF(Q11=$L$6,V11,IF(Q11=$E$10,V11,0))))))))))))))) -> 0 | BL11: =IF(Q11=$J$14,V11,IF(Q11=$L$8,V11,0)) -> 0 | BM11: =IF(Q11=$J$14,V11,0) -> 0 | BN11: =IF(Q11=$J$14,V11,0) -> 0 | BO11: =IF(Q11=$J$14,V11,0) -> 0 | BP11: =IF(Q11=$K$2,V11,IF(Q11=$K$19,V11,IF(Q11=$J$14,V11,IF(Q11=$K$6,V11,0)))) -> 0 | BQ11: =IF(Q11=$J$14,V11,0) -> 0 | BR11: =IF(Q11=$J$14,V11,0) -> 0 | BS11: =IF(Q11=$J$14,V11,0) -> 0 | BT11: =IF(Q11=$J$14,V11,0) -> 0 | BU11: =IF(Q11=$J$14,V11,IF(Q11=$K$4,V11,0)) -> 0 | BV11: =IF(Q11=$J$14,V11,0) -> 0 | BW11: =IF(Q11=$J$14,V11,0) -> 0 | BX11: =IF(Q11=$J$14,V11,0) -> 0 | BY11: =IF(Q11=$J$14,V11,0) -> 0 | BZ11: =IF(P11="Window",V11,IF(Q11=$J$14,V11,IF(Q11=$F$2,V11,0))) -> 0 | CA11: =IF(Q11=$J$14,V11,IF(Q11=$J$18,V11,0)) -> 0 | CB11: =IF(Q11=$J$14,V11,0) -> 0 | CC11: =IF(Q11=$J$14,V11,0) -> 0 | CD11: =IF(Q11=$J$14,V11,0) -> 0 | CE11: =IF(Q11=$J$14,V11,0) -> 0 | CF11: =IF(Q11=$J$14,V11,0) -> 0 | CG11: =IF(Q11=$J$14,V11,0) -> 0 | CH11: =IF(Q11=$J$14,V11,0) -> 0 | CI11: =IF(Q11=$J$14,V11,0) -> 0 | CJ11: =IF(Q11=$J$14,V11,0) -> 0
A12: Misc | J12: Natural Gas Furnace (kBtu/h) | P12: ='Construction and Materials'!B26 -> Pick Assembly | Q12: ='Construction and Materials'!C26 -> Pick Type | R12: ='Construction and Materials'!D26 | S12: =IF(NOT(Q12="Pick Type"),VLOOKUP(Q12,'LCA Data'!$C$8:$S$107,6,FALSE)*Lists!R12,0) -> 0 | T12: =IF(NOT(Q12="Pick Type"),VLOOKUP(Q12,'LCA Data'!$C$8:$S$107,10,FALSE)*Lists!R12,0) -> 0 | U12: =IF(NOT(Q12="Pick Type"),VLOOKUP(Q12,'LCA Data'!$C$8:$S$107,14,FALSE)*Lists!R12,0) -> 0 | V12: =SUM(S12:U12) -> 0 | W12: =IF(NOT(Q12="Pick Type"),VLOOKUP(Q12,'LCA Data'!$C$8:$S$107,7,FALSE)*Lists!R12,0) -> 0 | X12: =IF(NOT(Q12="Pick Type"),VLOOKUP(Q12,'LCA Data'!$C$8:$S$107,11,FALSE)*Lists!R12,0) -> 0 | Y12: =IF(NOT(Q12="Pick Type"),VLOOKUP(Q12,'LCA Data'!$C$8:$S$107,15,FALSE)*Lists!R12,0) -> 0 | Z12: =SUM(W12:Y12) -> 0 | AA12: =IF(NOT(Q12="Pick Type"),VLOOKUP(Q12,'LCA Data'!$C$8:$S$107,8,FALSE)*Lists!R12,0) -> 0 | AB12: =IF(NOT(Q12="Pick Type"),VLOOKUP(Q12,'LCA Data'!$C$8:$S$107,12,FALSE)*Lists!R12,0) -> 0 | AC12: =IF(NOT(Q12="Pick Type"),VLOOKUP(Q12,'LCA Data'!$C$8:$S$107,16,FALSE)*Lists!R12,0) -> 0 | AD12: =SUM(AA12:AC12) -> 0 | AE12: =IF(NOT(Q12="Pick Type"),VLOOKUP(Q12,'LCA Data'!$C$8:$S$107,9,FALSE)*Lists!R12,0) -> 0 | AF12: =IF(NOT(Q12="Pick Type"),VLOOKUP(Q12,'LCA Data'!$C$8:$S$107,13,FALSE)*Lists!R12,0) -> 0 | AG12: =IF(NOT(Q12="Pick Type"),VLOOKUP(Q12,'LCA Data'!$C$8:$S$107,17,FALSE)*Lists!R12,0) -> 0 | AH12: =SUM(AE12:AG12) -> 0 | AI12: =IF(R12=0,NA(),Q12) -> #N/A | AK12: " | AL12: =V12 -> 0 | AM12: =IF(Q12=$J$14,V12,0) -> 0 | AN12: =IF(Q12=$J$14,V12,0) -> 0 | AO12: =IF(Q12=$J$14,V12,0) -> 0 | AP12: =IF(Q12=$J$14,V12,0) -> 0 | AQ12: =IF(Q12=$J$14,V12,0) -> 0 | AR12: =IF(Q12=$J$14,V12,0) -> 0 | AS12: =IF(Q12=$J$14,V12,0) -> 0 | AT12: =IF(Q12=$J$14,V12,0) -> 0 | AU12: =IF(Q12=$J$14,V12,0) -> 0 | AV12: =IF(Q12=$J$14,V12,0) -> 0 | AW12: =IF(Q12=$J$14,V12,0) -> 0 | AX12: =IF(Q12=$J$14,V12,0) -> 0 | AY12: =IF(Q12=$J$14,V12,0) -> 0 | AZ12: =IF(Q12=$J$14,V12,0) -> 0 | BA12: =IF(Q12=$J$14,V12,0) -> 0 | BB12: =IF(Q12=$J$14,V12,0) -> 0 | BC12: =IF(Q12=$J$14,V12,0) -> 0 | BD12: =IF(Q12=$J$14,V12,0) -> 0 | BE12: =IF(Q12=$J$14,V12,0) -> 0 | BF12: =IF(Q12=$J$14,V12,IF(Q12=$F$2,V12,0)) -> 0 | BG12: =IF(Q12=$J$14,V12,IF(Q12=$J$18,V12,0)) -> 0 | BH12: =IF(Q12=$J$14,V12,0) -> 0 | BI12: =IF(Q12=$J$14,V12,0) -> 0 | BJ12: =IF(Q12=$J$14,V12,IF(Q12=$J$17,V12,IF(Q12=$F$8,V12,0))) -> 0 | BK12: =IF(Q12=$J$7,V12,IF(Q12=$J$8,V12,IF(Q12=$J$9,V12,IF(Q12=$J$14,V12,IF(Q12=$J$10,V12,IF(Q12=$J$11,V12,IF(Q12=$J$12,V12,IF(Q12=$J$13,V12,IF(Q12=$K$5,V12,IF(Q12=$K$7,V12,IF(Q12=$K$3,V12,IF(Q12=$K$9,V12,IF(Q12=$K$10,V12,IF(Q12=$L$6,V12,IF(Q12=$E$10,V12,0))))))))))))))) -> 0 | BL12: =IF(Q12=$J$14,V12,IF(Q12=$L$8,V12,0)) -> 0 | BM12: =IF(Q12=$J$14,V12,0) -> 0 | BN12: =IF(Q12=$J$14,V12,0) -> 0 | BO12: =IF(Q12=$J$14,V12,0) -> 0 | BP12: =IF(Q12=$K$2,V12,IF(Q12=$K$19,V12,IF(Q12=$J$14,V12,IF(Q12=$K$6,V12,0)))) -> 0 | BQ12: =IF(Q12=$J$14,V12,0) -> 0 | BR12: =IF(Q12=$J$14,V12,0) -> 0 | BS12: =IF(Q12=$J$14,V12,0) -> 0 | BT12: =IF(Q12=$J$14,V12,0) -> 0 | BU12: =IF(Q12=$J$14,V12,IF(Q12=$K$4,V12,0)) -> 0 | BV12: =IF(Q12=$J$14,V12,0) -> 0 | BW12: =IF(Q12=$J$14,V12,0) -> 0 | BX12: =IF(Q12=$J$14,V12,0) -> 0 | BY12: =IF(Q12=$J$14,V12,0) -> 0 | BZ12: =IF(P12="Window",V12,IF(Q12=$J$14,V12,IF(Q12=$F$2,V12,0))) -> 0 | CA12: =IF(Q12=$J$14,V12,IF(Q12=$J$18,V12,0)) -> 0 | CB12: =IF(Q12=$J$14,V12,0) -> 0 | CC12: =IF(Q12=$J$14,V12,0) -> 0 | CD12: =IF(Q12=$J$14,V12,0) -> 0 | CE12: =IF(Q12=$J$14,V12,0) -> 0 | CF12: =IF(Q12=$J$14,V12,0) -> 0 | CG12: =IF(Q12=$J$14,V12,0) -> 0 | CH12: =IF(Q12=$J$14,V12,0) -> 0 | CI12: =IF(Q12=$J$14,V12,0) -> 0 | CJ12: =IF(Q12=$J$14,V12,0) -> 0
A13: =IF('Construction and Materials'!B18="Foundation","DATA!B1:B4",IF('Construction and Materials'!B18="Interior Wall","DATA!C1:C4",IF('Construction and Materials'!B18="Exterior Wall","DATA!D1:D4",IF('Construction and Materials'!B18="Floor","DATA!E1:E4",IF('Construction and Materials'!B18="Roof","DATA!F1:F4",IF('Construction and Materials'!B18="Window","DATA!G1:G4",IF('Construction and Materials'!B18="Columns","DATA!H1:H4",IF('Construction and Materials'!B18="Beams","DATA!I1:I4","DATA!J1")))))))) -> DATA!J1 | J13: Natural Gas Water Heater (kBtu/h) | P13: ='Construction and Materials'!B27 -> Pick Assembly | Q13: ='Construction and Materials'!C27 -> Pick Type | R13: ='Construction and Materials'!D27 | S13: =IF(NOT(Q13="Pick Type"),VLOOKUP(Q13,'LCA Data'!$C$8:$S$107,6,FALSE)*Lists!R13,0) -> 0 | T13: =IF(NOT(Q13="Pick Type"),VLOOKUP(Q13,'LCA Data'!$C$8:$S$107,10,FALSE)*Lists!R13,0) -> 0 | U13: =IF(NOT(Q13="Pick Type"),VLOOKUP(Q13,'LCA Data'!$C$8:$S$107,14,FALSE)*Lists!R13,0) -> 0 | V13: =SUM(S13:U13) -> 0 | W13: =IF(NOT(Q13="Pick Type"),VLOOKUP(Q13,'LCA Data'!$C$8:$S$107,7,FALSE)*Lists!R13,0) -> 0 | X13: =IF(NOT(Q13="Pick Type"),VLOOKUP(Q13,'LCA Data'!$C$8:$S$107,11,FALSE)*Lists!R13,0) -> 0 | Y13: =IF(NOT(Q13="Pick Type"),VLOOKUP(Q13,'LCA Data'!$C$8:$S$107,15,FALSE)*Lists!R13,0) -> 0 | Z13: =SUM(W13:Y13) -> 0 | AA13: =IF(NOT(Q13="Pick Type"),VLOOKUP(Q13,'LCA Data'!$C$8:$S$107,8,FALSE)*Lists!R13,0) -> 0 | AB13: =IF(NOT(Q13="Pick Type"),VLOOKUP(Q13,'LCA Data'!$C$8:$S$107,12,FALSE)*Lists!R13,0) -> 0 | AC13: =IF(NOT(Q13="Pick Type"),VLOOKUP(Q13,'LCA Data'!$C$8:$S$107,16,FALSE)*Lists!R13,0) -> 0 | AD13: =SUM(AA13:AC13) -> 0 | AE13: =IF(NOT(Q13="Pick Type"),VLOOKUP(Q13,'LCA Data'!$C$8:$S$107,9,FALSE)*Lists!R13,0) -> 0 | AF13: =IF(NOT(Q13="Pick Type"),VLOOKUP(Q13,'LCA Data'!$C$8:$S$107,13,FALSE)*Lists!R13,0) -> 0 | AG13: =IF(NOT(Q13="Pick Type"),VLOOKUP(Q13,'LCA Data'!$C$8:$S$107,17,FALSE)*Lists!R13,0) -> 0 | AH13: =SUM(AE13:AG13) -> 0 | AI13: =IF(R13=0,NA(),Q13) -> #N/A | AK13: " | AL13: =V13 -> 0 | AM13: =IF(Q13=$J$14,V13,0) -> 0 | AN13: =IF(Q13=$J$14,V13,0) -> 0 | AO13: =IF(Q13=$J$14,V13,0) -> 0 | AP13: =IF(Q13=$J$14,V13,0) -> 0 | AQ13: =IF(Q13=$J$14,V13,0) -> 0 | AR13: =IF(Q13=$J$14,V13,0) -> 0 | AS13: =IF(Q13=$J$14,V13,0) -> 0 | AT13: =IF(Q13=$J$14,V13,0) -> 0 | AU13: =IF(Q13=$J$14,V13,0) -> 0 | AV13: =IF(Q13=$J$14,V13,0) -> 0 | AW13: =IF(Q13=$J$14,V13,0) -> 0 | AX13: =IF(Q13=$J$14,V13,0) -> 0 | AY13: =IF(Q13=$J$14,V13,0) -> 0 | AZ13: =IF(Q13=$J$14,V13,0) -> 0 | BA13: =IF(Q13=$J$14,V13,0) -> 0 | BB13: =IF(Q13=$J$14,V13,0) -> 0 | BC13: =IF(Q13=$J$14,V13,0) -> 0 | BD13: =IF(Q13=$J$14,V13,0) -> 0 | BE13: =IF(Q13=$J$14,V13,0) -> 0 | BF13: =IF(Q13=$J$14,V13,IF(Q13=$F$2,V13,0)) -> 0 | BG13: =IF(Q13=$J$14,V13,IF(Q13=$J$18,V13,0)) -> 0 | BH13: =IF(Q13=$J$14,V13,0) -> 0 | BI13: =IF(Q13=$J$14,V13,0) -> 0 | BJ13: =IF(Q13=$J$14,V13,IF(Q13=$J$17,V13,IF(Q13=$F$8,V13,0))) -> 0 | BK13: =IF(Q13=$J$7,V13,IF(Q13=$J$8,V13,IF(Q13=$J$9,V13,IF(Q13=$J$14,V13,IF(Q13=$J$10,V13,IF(Q13=$J$11,V13,IF(Q13=$J$12,V13,IF(Q13=$J$13,V13,IF(Q13=$K$5,V13,IF(Q13=$K$7,V13,IF(Q13=$K$3,V13,IF(Q13=$K$9,V13,IF(Q13=$K$10,V13,IF(Q13=$L$6,V13,IF(Q13=$E$10,V13,0))))))))))))))) -> 0 | BL13: =IF(Q13=$J$14,V13,IF(Q13=$L$8,V13,0)) -> 0 | BM13: =IF(Q13=$J$14,V13,0) -> 0 | BN13: =IF(Q13=$J$14,V13,0) -> 0 | BO13: =IF(Q13=$J$14,V13,0) -> 0 | BP13: =IF(Q13=$K$2,V13,IF(Q13=$K$19,V13,IF(Q13=$J$14,V13,IF(Q13=$K$6,V13,0)))) -> 0 | BQ13: =IF(Q13=$J$14,V13,0) -> 0 | BR13: =IF(Q13=$J$14,V13,0) -> 0 | BS13: =IF(Q13=$J$14,V13,0) -> 0 | BT13: =IF(Q13=$J$14,V13,0) -> 0 | BU13: =IF(Q13=$J$14,V13,IF(Q13=$K$4,V13,0)) -> 0 | BV13: =IF(Q13=$J$14,V13,0) -> 0 | BW13: =IF(Q13=$J$14,V13,0) -> 0 | BX13: =IF(Q13=$J$14,V13,0) -> 0 | BY13: =IF(Q13=$J$14,V13,0) -> 0 | BZ13: =IF(P13="Window",V13,IF(Q13=$J$14,V13,IF(Q13=$F$2,V13,0))) -> 0 | CA13: =IF(Q13=$J$14,V13,IF(Q13=$J$18,V13,0)) -> 0 | CB13: =IF(Q13=$J$14,V13,0) -> 0 | CC13: =IF(Q13=$J$14,V13,0) -> 0 | CD13: =IF(Q13=$J$14,V13,0) -> 0 | CE13: =IF(Q13=$J$14,V13,0) -> 0 | CF13: =IF(Q13=$J$14,V13,0) -> 0 | CG13: =IF(Q13=$J$14,V13,0) -> 0 | CH13: =IF(Q13=$J$14,V13,0) -> 0 | CI13: =IF(Q13=$J$14,V13,0) -> 0 | CJ13: =IF(Q13=$J$14,V13,0) -> 0
J14: Air Filters (m^3/s) | P14: ='Construction and Materials'!B28 -> Pick Assembly | Q14: ='Construction and Materials'!C28 -> Pick Type | R14: ='Construction and Materials'!D28 | S14: =IF(NOT(Q14="Pick Type"),VLOOKUP(Q14,'LCA Data'!$C$8:$S$107,6,FALSE)*Lists!R14,0) -> 0 | T14: =IF(NOT(Q14="Pick Type"),VLOOKUP(Q14,'LCA Data'!$C$8:$S$107,10,FALSE)*Lists!R14,0) -> 0 | U14: =IF(NOT(Q14="Pick Type"),VLOOKUP(Q14,'LCA Data'!$C$8:$S$107,14,FALSE)*Lists!R14,0) -> 0 | V14: =SUM(S14:U14) -> 0 | W14: =IF(NOT(Q14="Pick Type"),VLOOKUP(Q14,'LCA Data'!$C$8:$S$107,7,FALSE)*Lists!R14,0) -> 0 | X14: =IF(NOT(Q14="Pick Type"),VLOOKUP(Q14,'LCA Data'!$C$8:$S$107,11,FALSE)*Lists!R14,0) -> 0 | Y14: =IF(NOT(Q14="Pick Type"),VLOOKUP(Q14,'LCA Data'!$C$8:$S$107,15,FALSE)*Lists!R14,0) -> 0 | Z14: =SUM(W14:Y14) -> 0 | AA14: =IF(NOT(Q14="Pick Type"),VLOOKUP(Q14,'LCA Data'!$C$8:$S$107,8,FALSE)*Lists!R14,0) -> 0 | AB14: =IF(NOT(Q14="Pick Type"),VLOOKUP(Q14,'LCA Data'!$C$8:$S$107,12,FALSE)*Lists!R14,0) -> 0 | AC14: =IF(NOT(Q14="Pick Type"),VLOOKUP(Q14,'LCA Data'!$C$8:$S$107,16,FALSE)*Lists!R14,0) -> 0 | AD14: =SUM(AA14:AC14) -> 0 | AE14: =IF(NOT(Q14="Pick Type"),VLOOKUP(Q14,'LCA Data'!$C$8:$S$107,9,FALSE)*Lists!R14,0) -> 0 | AF14: =IF(NOT(Q14="Pick Type"),VLOOKUP(Q14,'LCA Data'!$C$8:$S$107,13,FALSE)*Lists!R14,0) -> 0 | AG14: =IF(NOT(Q14="Pick Type"),VLOOKUP(Q14,'LCA Data'!$C$8:$S$107,17,FALSE)*Lists!R14,0) -> 0 | AH14: =SUM(AE14:AG14) -> 0 | AI14: =IF(R14=0,NA(),Q14) -> #N/A | AK14: " | AL14: =V14 -> 0 | AM14: =IF(Q14=$J$14,V14,0) -> 0 | AN14: =IF(Q14=$J$14,V14,0) -> 0 | AO14: =IF(Q14=$J$14,V14,0) -> 0 | AP14: =IF(Q14=$J$14,V14,0) -> 0 | AQ14: =IF(Q14=$J$14,V14,0) -> 0 | AR14: =IF(Q14=$J$14,V14,0) -> 0 | AS14: =IF(Q14=$J$14,V14,0) -> 0 | AT14: =IF(Q14=$J$14,V14,0) -> 0 | AU14: =IF(Q14=$J$14,V14,0) -> 0 | AV14: =IF(Q14=$J$14,V14,0) -> 0 | AW14: =IF(Q14=$J$14,V14,0) -> 0 | AX14: =IF(Q14=$J$14,V14,0) -> 0 | AY14: =IF(Q14=$J$14,V14,0) -> 0 | AZ14: =IF(Q14=$J$14,V14,0) -> 0 | BA14: =IF(Q14=$J$14,V14,0) -> 0 | BB14: =IF(Q14=$J$14,V14,0) -> 0 | BC14: =IF(Q14=$J$14,V14,0) -> 0 | BD14: =IF(Q14=$J$14,V14,0) -> 0 | BE14: =IF(Q14=$J$14,V14,0) -> 0 | BF14: =IF(Q14=$J$14,V14,IF(Q14=$F$2,V14,0)) -> 0 | BG14: =IF(Q14=$J$14,V14,IF(Q14=$J$18,V14,0)) -> 0 | BH14: =IF(Q14=$J$14,V14,0) -> 0 | BI14: =IF(Q14=$J$14,V14,0) -> 0 | BJ14: =IF(Q14=$J$14,V14,IF(Q14=$J$17,V14,IF(Q14=$F$8,V14,0))) -> 0 | BK14: =IF(Q14=$J$7,V14,IF(Q14=$J$8,V14,IF(Q14=$J$9,V14,IF(Q14=$J$14,V14,IF(Q14=$J$10,V14,IF(Q14=$J$11,V14,IF(Q14=$J$12,V14,IF(Q14=$J$13,V14,IF(Q14=$K$5,V14,IF(Q14=$K$7,V14,IF(Q14=$K$3,V14,IF(Q14=$K$9,V14,IF(Q14=$K$10,V14,IF(Q14=$L$6,V14,IF(Q14=$E$10,V14,0))))))))))))))) -> 0 | BL14: =IF(Q14=$J$14,V14,IF(Q14=$L$8,V14,0)) -> 0 | BM14: =IF(Q14=$J$14,V14,0) -> 0 | BN14: =IF(Q14=$J$14,V14,0) -> 0 | BO14: =IF(Q14=$J$14,V14,0) -> 0 | BP14: =IF(Q14=$K$2,V14,IF(Q14=$K$19,V14,IF(Q14=$J$14,V14,IF(Q14=$K$6,V14,0)))) -> 0 | BQ14: =IF(Q14=$J$14,V14,0) -> 0 | BR14: =IF(Q14=$J$14,V14,0) -> 0 | BS14: =IF(Q14=$J$14,V14,0) -> 0 | BT14: =IF(Q14=$J$14,V14,0) -> 0 | BU14: =IF(Q14=$J$14,V14,IF(Q14=$K$4,V14,0)) -> 0 | BV14: =IF(Q14=$J$14,V14,0) -> 0 | BW14: =IF(Q14=$J$14,V14,0) -> 0 | BX14: =IF(Q14=$J$14,V14,0) -> 0 | BY14: =IF(Q14=$J$14,V14,0) -> 0 | BZ14: =IF(P14="Window",V14,IF(Q14=$J$14,V14,IF(Q14=$F$2,V14,0))) -> 0 | CA14: =IF(Q14=$J$14,V14,IF(Q14=$J$18,V14,0)) -> 0 | CB14: =IF(Q14=$J$14,V14,0) -> 0 | CC14: =IF(Q14=$J$14,V14,0) -> 0 | CD14: =IF(Q14=$J$14,V14,0) -> 0 | CE14: =IF(Q14=$J$14,V14,0) -> 0 | CF14: =IF(Q14=$J$14,V14,0) -> 0 | CG14: =IF(Q14=$J$14,V14,0) -> 0 | CH14: =IF(Q14=$J$14,V14,0) -> 0 | CI14: =IF(Q14=$J$14,V14,0) -> 0 | CJ14: =IF(Q14=$J$14,V14,0) -> 0
J15: Boiler (L) | P15: ='Construction and Materials'!B29 -> Pick Assembly | Q15: ='Construction and Materials'!C29 -> Pick Type | R15: ='Construction and Materials'!D29 | S15: =IF(NOT(Q15="Pick Type"),VLOOKUP(Q15,'LCA Data'!$C$8:$S$107,6,FALSE)*Lists!R15,0) -> 0 | T15: =IF(NOT(Q15="Pick Type"),VLOOKUP(Q15,'LCA Data'!$C$8:$S$107,10,FALSE)*Lists!R15,0) -> 0 | U15: =IF(NOT(Q15="Pick Type"),VLOOKUP(Q15,'LCA Data'!$C$8:$S$107,14,FALSE)*Lists!R15,0) -> 0 | V15: =SUM(S15:U15) -> 0 | W15: =IF(NOT(Q15="Pick Type"),VLOOKUP(Q15,'LCA Data'!$C$8:$S$107,7,FALSE)*Lists!R15,0) -> 0 | X15: =IF(NOT(Q15="Pick Type"),VLOOKUP(Q15,'LCA Data'!$C$8:$S$107,11,FALSE)*Lists!R15,0) -> 0 | Y15: =IF(NOT(Q15="Pick Type"),VLOOKUP(Q15,'LCA Data'!$C$8:$S$107,15,FALSE)*Lists!R15,0) -> 0 | Z15: =SUM(W15:Y15) -> 0 | AA15: =IF(NOT(Q15="Pick Type"),VLOOKUP(Q15,'LCA Data'!$C$8:$S$107,8,FALSE)*Lists!R15,0) -> 0 | AB15: =IF(NOT(Q15="Pick Type"),VLOOKUP(Q15,'LCA Data'!$C$8:$S$107,12,FALSE)*Lists!R15,0) -> 0 | AC15: =IF(NOT(Q15="Pick Type"),VLOOKUP(Q15,'LCA Data'!$C$8:$S$107,16,FALSE)*Lists!R15,0) -> 0 | AD15: =SUM(AA15:AC15) -> 0 | AE15: =IF(NOT(Q15="Pick Type"),VLOOKUP(Q15,'LCA Data'!$C$8:$S$107,9,FALSE)*Lists!R15,0) -> 0 | AF15: =IF(NOT(Q15="Pick Type"),VLOOKUP(Q15,'LCA Data'!$C$8:$S$107,13,FALSE)*Lists!R15,0) -> 0 | AG15: =IF(NOT(Q15="Pick Type"),VLOOKUP(Q15,'LCA Data'!$C$8:$S$107,17,FALSE)*Lists!R15,0) -> 0 | AH15: =SUM(AE15:AG15) -> 0 | AI15: =IF(R15=0,NA(),Q15) -> #N/A | AK15: " | AL15: =V15 -> 0 | AM15: =IF(Q15=$J$14,V15,0) -> 0 | AN15: =IF(Q15=$J$14,V15,0) -> 0 | AO15: =IF(Q15=$J$14,V15,0) -> 0 | AP15: =IF(Q15=$J$14,V15,0) -> 0 | AQ15: =IF(Q15=$J$14,V15,0) -> 0 | AR15: =IF(Q15=$J$14,V15,0) -> 0 | AS15: =IF(Q15=$J$14,V15,0) -> 0 | AT15: =IF(Q15=$J$14,V15,0) -> 0 | AU15: =IF(Q15=$J$14,V15,0) -> 0 | AV15: =IF(Q15=$J$14,V15,0) -> 0 | AW15: =IF(Q15=$J$14,V15,0) -> 0 | AX15: =IF(Q15=$J$14,V15,0) -> 0 | AY15: =IF(Q15=$J$14,V15,0) -> 0 | AZ15: =IF(Q15=$J$14,V15,0) -> 0 | BA15: =IF(Q15=$J$14,V15,0) -> 0 | BB15: =IF(Q15=$J$14,V15,0) -> 0 | BC15: =IF(Q15=$J$14,V15,0) -> 0 | BD15: =IF(Q15=$J$14,V15,0) -> 0 | BE15: =IF(Q15=$J$14,V15,0) -> 0 | BF15: =IF(Q15=$J$14,V15,IF(Q15=$F$2,V15,0)) -> 0 | BG15: =IF(Q15=$J$14,V15,IF(Q15=$J$18,V15,0)) -> 0 | BH15: =IF(Q15=$J$14,V15,0) -> 0 | BI15: =IF(Q15=$J$14,V15,0) -> 0 | BJ15: =IF(Q15=$J$14,V15,IF(Q15=$J$17,V15,IF(Q15=$F$8,V15,0))) -> 0 | BK15: =IF(Q15=$J$7,V15,IF(Q15=$J$8,V15,IF(Q15=$J$9,V15,IF(Q15=$J$14,V15,IF(Q15=$J$10,V15,IF(Q15=$J$11,V15,IF(Q15=$J$12,V15,IF(Q15=$J$13,V15,IF(Q15=$K$5,V15,IF(Q15=$K$7,V15,IF(Q15=$K$3,V15,IF(Q15=$K$9,V15,IF(Q15=$K$10,V15,IF(Q15=$L$6,V15,IF(Q15=$E$10,V15,0))))))))))))))) -> 0 | BL15: =IF(Q15=$J$14,V15,IF(Q15=$L$8,V15,0)) -> 0 | BM15: =IF(Q15=$J$14,V15,0) -> 0 | BN15: =IF(Q15=$J$14,V15,0) -> 0 | BO15: =IF(Q15=$J$14,V15,0) -> 0 | BP15: =IF(Q15=$K$2,V15,IF(Q15=$K$19,V15,IF(Q15=$J$14,V15,IF(Q15=$K$6,V15,0)))) -> 0 | BQ15: =IF(Q15=$J$14,V15,0) -> 0 | BR15: =IF(Q15=$J$14,V15,0) -> 0 | BS15: =IF(Q15=$J$14,V15,0) -> 0 | BT15: =IF(Q15=$J$14,V15,0) -> 0 | BU15: =IF(Q15=$J$14,V15,IF(Q15=$K$4,V15,0)) -> 0 | BV15: =IF(Q15=$J$14,V15,0) -> 0 | BW15: =IF(Q15=$J$14,V15,0) -> 0 | BX15: =IF(Q15=$J$14,V15,0) -> 0 | BY15: =IF(Q15=$J$14,V15,0) -> 0 | BZ15: =IF(P15="Window",V15,IF(Q15=$J$14,V15,IF(Q15=$F$2,V15,0))) -> 0 | CA15: =IF(Q15=$J$14,V15,IF(Q15=$J$18,V15,0)) -> 0 | CB15: =IF(Q15=$J$14,V15,0) -> 0 | CC15: =IF(Q15=$J$14,V15,0) -> 0 | CD15: =IF(Q15=$J$14,V15,0) -> 0 | CE15: =IF(Q15=$J$14,V15,0) -> 0 | CF15: =IF(Q15=$J$14,V15,0) -> 0 | CG15: =IF(Q15=$J$14,V15,0) -> 0 | CH15: =IF(Q15=$J$14,V15,0) -> 0 | CI15: =IF(Q15=$J$14,V15,0) -> 0 | CJ15: =IF(Q15=$J$14,V15,0) -> 0
J16: Water Pump (m^3/hr) | P16: ='Construction and Materials'!B30 -> Pick Assembly | Q16: ='Construction and Materials'!C30 -> Pick Type | R16: ='Construction and Materials'!D30 | S16: =IF(NOT(Q16="Pick Type"),VLOOKUP(Q16,'LCA Data'!$C$8:$S$107,6,FALSE)*Lists!R16,0) -> 0 | T16: =IF(NOT(Q16="Pick Type"),VLOOKUP(Q16,'LCA Data'!$C$8:$S$107,10,FALSE)*Lists!R16,0) -> 0 | U16: =IF(NOT(Q16="Pick Type"),VLOOKUP(Q16,'LCA Data'!$C$8:$S$107,14,FALSE)*Lists!R16,0) -> 0 | V16: =SUM(S16:U16) -> 0 | W16: =IF(NOT(Q16="Pick Type"),VLOOKUP(Q16,'LCA Data'!$C$8:$S$107,7,FALSE)*Lists!R16,0) -> 0 | X16: =IF(NOT(Q16="Pick Type"),VLOOKUP(Q16,'LCA Data'!$C$8:$S$107,11,FALSE)*Lists!R16,0) -> 0 | Y16: =IF(NOT(Q16="Pick Type"),VLOOKUP(Q16,'LCA Data'!$C$8:$S$107,15,FALSE)*Lists!R16,0) -> 0 | Z16: =SUM(W16:Y16) -> 0 | AA16: =IF(NOT(Q16="Pick Type"),VLOOKUP(Q16,'LCA Data'!$C$8:$S$107,8,FALSE)*Lists!R16,0) -> 0 | AB16: =IF(NOT(Q16="Pick Type"),VLOOKUP(Q16,'LCA Data'!$C$8:$S$107,12,FALSE)*Lists!R16,0) -> 0 | AC16: =IF(NOT(Q16="Pick Type"),VLOOKUP(Q16,'LCA Data'!$C$8:$S$107,16,FALSE)*Lists!R16,0) -> 0 | AD16: =SUM(AA16:AC16) -> 0 | AE16: =IF(NOT(Q16="Pick Type"),VLOOKUP(Q16,'LCA Data'!$C$8:$S$107,9,FALSE)*Lists!R16,0) -> 0 | AF16: =IF(NOT(Q16="Pick Type"),VLOOKUP(Q16,'LCA Data'!$C$8:$S$107,13,FALSE)*Lists!R16,0) -> 0 | AG16: =IF(NOT(Q16="Pick Type"),VLOOKUP(Q16,'LCA Data'!$C$8:$S$107,17,FALSE)*Lists!R16,0) -> 0 | AH16: =SUM(AE16:AG16) -> 0 | AI16: =IF(R16=0,NA(),Q16) -> #N/A | AK16: " | AL16: =V16 -> 0 | AM16: =IF(Q16=$J$14,V16,0) -> 0 | AN16: =IF(Q16=$J$14,V16,0) -> 0 | AO16: =IF(Q16=$J$14,V16,0) -> 0 | AP16: =IF(Q16=$J$14,V16,0) -> 0 | AQ16: =IF(Q16=$J$14,V16,0) -> 0 | AR16: =IF(Q16=$J$14,V16,0) -> 0 | AS16: =IF(Q16=$J$14,V16,0) -> 0 | AT16: =IF(Q16=$J$14,V16,0) -> 0 | AU16: =IF(Q16=$J$14,V16,0) -> 0 | AV16: =IF(Q16=$J$14,V16,0) -> 0 | AW16: =IF(Q16=$J$14,V16,0) -> 0 | AX16: =IF(Q16=$J$14,V16,0) -> 0 | AY16: =IF(Q16=$J$14,V16,0) -> 0 | AZ16: =IF(Q16=$J$14,V16,0) -> 0 | BA16: =IF(Q16=$J$14,V16,0) -> 0 | BB16: =IF(Q16=$J$14,V16,0) -> 0 | BC16: =IF(Q16=$J$14,V16,0) -> 0 | BD16: =IF(Q16=$J$14,V16,0) -> 0 | BE16: =IF(Q16=$J$14,V16,0) -> 0 | BF16: =IF(Q16=$J$14,V16,IF(Q16=$F$2,V16,0)) -> 0 | BG16: =IF(Q16=$J$14,V16,IF(Q16=$J$18,V16,0)) -> 0 | BH16: =IF(Q16=$J$14,V16,0) -> 0 | BI16: =IF(Q16=$J$14,V16,0) -> 0 | BJ16: =IF(Q16=$J$14,V16,IF(Q16=$J$17,V16,IF(Q16=$F$8,V16,0))) -> 0 | BK16: =IF(Q16=$J$7,V16,IF(Q16=$J$8,V16,IF(Q16=$J$9,V16,IF(Q16=$J$14,V16,IF(Q16=$J$10,V16,IF(Q16=$J$11,V16,IF(Q16=$J$12,V16,IF(Q16=$J$13,V16,IF(Q16=$K$5,V16,IF(Q16=$K$7,V16,IF(Q16=$K$3,V16,IF(Q16=$K$9,V16,IF(Q16=$K$10,V16,IF(Q16=$L$6,V16,IF(Q16=$E$10,V16,0))))))))))))))) -> 0 | BL16: =IF(Q16=$J$14,V16,IF(Q16=$L$8,V16,0)) -> 0 | BM16: =IF(Q16=$J$14,V16,0) -> 0 | BN16: =IF(Q16=$J$14,V16,0) -> 0 | BO16: =IF(Q16=$J$14,V16,0) -> 0 | BP16: =IF(Q16=$K$2,V16,IF(Q16=$K$19,V16,IF(Q16=$J$14,V16,IF(Q16=$K$6,V16,0)))) -> 0 | BQ16: =IF(Q16=$J$14,V16,0) -> 0 | BR16: =IF(Q16=$J$14,V16,0) -> 0 | BS16: =IF(Q16=$J$14,V16,0) -> 0 | BT16: =IF(Q16=$J$14,V16,0) -> 0 | BU16: =IF(Q16=$J$14,V16,IF(Q16=$K$4,V16,0)) -> 0 | BV16: =IF(Q16=$J$14,V16,0) -> 0 | BW16: =IF(Q16=$J$14,V16,0) -> 0 | BX16: =IF(Q16=$J$14,V16,0) -> 0 | BY16: =IF(Q16=$J$14,V16,0) -> 0 | BZ16: =IF(P16="Window",V16,IF(Q16=$J$14,V16,IF(Q16=$F$2,V16,0))) -> 0 | CA16: =IF(Q16=$J$14,V16,IF(Q16=$J$18,V16,0)) -> 0 | CB16: =IF(Q16=$J$14,V16,0) -> 0 | CC16: =IF(Q16=$J$14,V16,0) -> 0 | CD16: =IF(Q16=$J$14,V16,0) -> 0 | CE16: =IF(Q16=$J$14,V16,0) -> 0 | CF16: =IF(Q16=$J$14,V16,0) -> 0 | CG16: =IF(Q16=$J$14,V16,0) -> 0 | CH16: =IF(Q16=$J$14,V16,0) -> 0 | CI16: =IF(Q16=$J$14,V16,0) -> 0 | CJ16: =IF(Q16=$J$14,V16,0) -> 0
J17: AHU w/LiCl Desiccant Dehumidification (m^3/s) | P17: ='Construction and Materials'!B31 -> Pick Assembly | Q17: ='Construction and Materials'!C31 -> Pick Type | R17: ='Construction and Materials'!D31 | S17: =IF(NOT(Q17="Pick Type"),VLOOKUP(Q17,'LCA Data'!$C$8:$S$107,6,FALSE)*Lists!R17,0) -> 0 | T17: =IF(NOT(Q17="Pick Type"),VLOOKUP(Q17,'LCA Data'!$C$8:$S$107,10,FALSE)*Lists!R17,0) -> 0 | U17: =IF(NOT(Q17="Pick Type"),VLOOKUP(Q17,'LCA Data'!$C$8:$S$107,14,FALSE)*Lists!R17,0) -> 0 | V17: =SUM(S17:U17) -> 0 | W17: =IF(NOT(Q17="Pick Type"),VLOOKUP(Q17,'LCA Data'!$C$8:$S$107,7,FALSE)*Lists!R17,0) -> 0 | X17: =IF(NOT(Q17="Pick Type"),VLOOKUP(Q17,'LCA Data'!$C$8:$S$107,11,FALSE)*Lists!R17,0) -> 0 | Y17: =IF(NOT(Q17="Pick Type"),VLOOKUP(Q17,'LCA Data'!$C$8:$S$107,15,FALSE)*Lists!R17,0) -> 0 | Z17: =SUM(W17:Y17) -> 0 | AA17: =IF(NOT(Q17="Pick Type"),VLOOKUP(Q17,'LCA Data'!$C$8:$S$107,8,FALSE)*Lists!R17,0) -> 0 | AB17: =IF(NOT(Q17="Pick Type"),VLOOKUP(Q17,'LCA Data'!$C$8:$S$107,12,FALSE)*Lists!R17,0) -> 0 | AC17: =IF(NOT(Q17="Pick Type"),VLOOKUP(Q17,'LCA Data'!$C$8:$S$107,16,FALSE)*Lists!R17,0) -> 0 | AD17: =SUM(AA17:AC17) -> 0 | AE17: =IF(NOT(Q17="Pick Type"),VLOOKUP(Q17,'LCA Data'!$C$8:$S$107,9,FALSE)*Lists!R17,0) -> 0 | AF17: =IF(NOT(Q17="Pick Type"),VLOOKUP(Q17,'LCA Data'!$C$8:$S$107,13,FALSE)*Lists!R17,0) -> 0 | AG17: =IF(NOT(Q17="Pick Type"),VLOOKUP(Q17,'LCA Data'!$C$8:$S$107,17,FALSE)*Lists!R17,0) -> 0 | AH17: =SUM(AE17:AG17) -> 0 | AI17: =IF(R17=0,NA(),Q17) -> #N/A | AK17: " | AL17: =V17 -> 0 | AM17: =IF(Q17=$J$14,V17,0) -> 0 | AN17: =IF(Q17=$J$14,V17,0) -> 0 | AO17: =IF(Q17=$J$14,V17,0) -> 0 | AP17: =IF(Q17=$J$14,V17,0) -> 0 | AQ17: =IF(Q17=$J$14,V17,0) -> 0 | AR17: =IF(Q17=$J$14,V17,0) -> 0 | AS17: =IF(Q17=$J$14,V17,0) -> 0 | AT17: =IF(Q17=$J$14,V17,0) -> 0 | AU17: =IF(Q17=$J$14,V17,0) -> 0 | AV17: =IF(Q17=$J$14,V17,0) -> 0 | AW17: =IF(Q17=$J$14,V17,0) -> 0 | AX17: =IF(Q17=$J$14,V17,0) -> 0 | AY17: =IF(Q17=$J$14,V17,0) -> 0 | AZ17: =IF(Q17=$J$14,V17,0) -> 0 | BA17: =IF(Q17=$J$14,V17,0) -> 0 | BB17: =IF(Q17=$J$14,V17,0) -> 0 | BC17: =IF(Q17=$J$14,V17,0) -> 0 | BD17: =IF(Q17=$J$14,V17,0) -> 0 | BE17: =IF(Q17=$J$14,V17,0) -> 0 | BF17: =IF(Q17=$J$14,V17,IF(Q17=$F$2,V17,0)) -> 0 | BG17: =IF(Q17=$J$14,V17,IF(Q17=$J$18,V17,0)) -> 0 | BH17: =IF(Q17=$J$14,V17,0) -> 0 | BI17: =IF(Q17=$J$14,V17,0) -> 0 | BJ17: =IF(Q17=$J$14,V17,IF(Q17=$J$17,V17,IF(Q17=$F$8,V17,0))) -> 0 | BK17: =IF(Q17=$J$7,V17,IF(Q17=$J$8,V17,IF(Q17=$J$9,V17,IF(Q17=$J$14,V17,IF(Q17=$J$10,V17,IF(Q17=$J$11,V17,IF(Q17=$J$12,V17,IF(Q17=$J$13,V17,IF(Q17=$K$5,V17,IF(Q17=$K$7,V17,IF(Q17=$K$3,V17,IF(Q17=$K$9,V17,IF(Q17=$K$10,V17,IF(Q17=$L$6,V17,IF(Q17=$E$10,V17,0))))))))))))))) -> 0 | BL17: =IF(Q17=$J$14,V17,IF(Q17=$L$8,V17,0)) -> 0 | BM17: =IF(Q17=$J$14,V17,0) -> 0 | BN17: =IF(Q17=$J$14,V17,0) -> 0 | BO17: =IF(Q17=$J$14,V17,0) -> 0 | BP17: =IF(Q17=$K$2,V17,IF(Q17=$K$19,V17,IF(Q17=$J$14,V17,IF(Q17=$K$6,V17,0)))) -> 0 | BQ17: =IF(Q17=$J$14,V17,0) -> 0 | BR17: =IF(Q17=$J$14,V17,0) -> 0 | BS17: =IF(Q17=$J$14,V17,0) -> 0 | BT17: =IF(Q17=$J$14,V17,0) -> 0 | BU17: =IF(Q17=$J$14,V17,IF(Q17=$K$4,V17,0)) -> 0 | BV17: =IF(Q17=$J$14,V17,0) -> 0 | BW17: =IF(Q17=$J$14,V17,0) -> 0 | BX17: =IF(Q17=$J$14,V17,0) -> 0 | BY17: =IF(Q17=$J$14,V17,0) -> 0 | BZ17: =IF(P17="Window",V17,IF(Q17=$J$14,V17,IF(Q17=$F$2,V17,0))) -> 0 | CA17: =IF(Q17=$J$14,V17,IF(Q17=$J$18,V17,0)) -> 0 | CB17: =IF(Q17=$J$14,V17,0) -> 0 | CC17: =IF(Q17=$J$14,V17,0) -> 0 | CD17: =IF(Q17=$J$14,V17,0) -> 0 | CE17: =IF(Q17=$J$14,V17,0) -> 0 | CF17: =IF(Q17=$J$14,V17,0) -> 0 | CG17: =IF(Q17=$J$14,V17,0) -> 0 | CH17: =IF(Q17=$J$14,V17,0) -> 0 | CI17: =IF(Q17=$J$14,V17,0) -> 0 | CJ17: =IF(Q17=$J$14,V17,0) -> 0
J18: Living Machine Water Treatment System (gal/day) | P18: ='Construction and Materials'!B32 -> Pick Assembly | Q18: ='Construction and Materials'!C32 -> Pick Type | R18: ='Construction and Materials'!D32 | S18: =IF(NOT(Q18="Pick Type"),VLOOKUP(Q18,'LCA Data'!$C$8:$S$107,6,FALSE)*Lists!R18,0) -> 0 | T18: =IF(NOT(Q18="Pick Type"),VLOOKUP(Q18,'LCA Data'!$C$8:$S$107,10,FALSE)*Lists!R18,0) -> 0 | U18: =IF(NOT(Q18="Pick Type"),VLOOKUP(Q18,'LCA Data'!$C$8:$S$107,14,FALSE)*Lists!R18,0) -> 0 | V18: =SUM(S18:U18) -> 0 | W18: =IF(NOT(Q18="Pick Type"),VLOOKUP(Q18,'LCA Data'!$C$8:$S$107,7,FALSE)*Lists!R18,0) -> 0 | X18: =IF(NOT(Q18="Pick Type"),VLOOKUP(Q18,'LCA Data'!$C$8:$S$107,11,FALSE)*Lists!R18,0) -> 0 | Y18: =IF(NOT(Q18="Pick Type"),VLOOKUP(Q18,'LCA Data'!$C$8:$S$107,15,FALSE)*Lists!R18,0) -> 0 | Z18: =SUM(W18:Y18) -> 0 | AA18: =IF(NOT(Q18="Pick Type"),VLOOKUP(Q18,'LCA Data'!$C$8:$S$107,8,FALSE)*Lists!R18,0) -> 0 | AB18: =IF(NOT(Q18="Pick Type"),VLOOKUP(Q18,'LCA Data'!$C$8:$S$107,12,FALSE)*Lists!R18,0) -> 0 | AC18: =IF(NOT(Q18="Pick Type"),VLOOKUP(Q18,'LCA Data'!$C$8:$S$107,16,FALSE)*Lists!R18,0) -> 0 | AD18: =SUM(AA18:AC18) -> 0 | AE18: =IF(NOT(Q18="Pick Type"),VLOOKUP(Q18,'LCA Data'!$C$8:$S$107,9,FALSE)*Lists!R18,0) -> 0 | AF18: =IF(NOT(Q18="Pick Type"),VLOOKUP(Q18,'LCA Data'!$C$8:$S$107,13,FALSE)*Lists!R18,0) -> 0 | AG18: =IF(NOT(Q18="Pick Type"),VLOOKUP(Q18,'LCA Data'!$C$8:$S$107,17,FALSE)*Lists!R18,0) -> 0 | AH18: =SUM(AE18:AG18) -> 0 | AI18: =IF(R18=0,NA(),Q18) -> #N/A | AK18: " | AL18: =V18 -> 0 | AM18: =IF(Q18=$J$14,V18,0) -> 0 | AN18: =IF(Q18=$J$14,V18,0) -> 0 | AO18: =IF(Q18=$J$14,V18,0) -> 0 | AP18: =IF(Q18=$J$14,V18,0) -> 0 | AQ18: =IF(Q18=$J$14,V18,0) -> 0 | AR18: =IF(Q18=$J$14,V18,0) -> 0 | AS18: =IF(Q18=$J$14,V18,0) -> 0 | AT18: =IF(Q18=$J$14,V18,0) -> 0 | AU18: =IF(Q18=$J$14,V18,0) -> 0 | AV18: =IF(Q18=$J$14,V18,0) -> 0 | AW18: =IF(Q18=$J$14,V18,0) -> 0 | AX18: =IF(Q18=$J$14,V18,0) -> 0 | AY18: =IF(Q18=$J$14,V18,0) -> 0 | AZ18: =IF(Q18=$J$14,V18,0) -> 0 | BA18: =IF(Q18=$J$14,V18,0) -> 0 | BB18: =IF(Q18=$J$14,V18,0) -> 0 | BC18: =IF(Q18=$J$14,V18,0) -> 0 | BD18: =IF(Q18=$J$14,V18,0) -> 0 | BE18: =IF(Q18=$J$14,V18,0) -> 0 | BF18: =IF(Q18=$J$14,V18,IF(Q18=$F$2,V18,0)) -> 0 | BG18: =IF(Q18=$J$14,V18,IF(Q18=$J$18,V18,0)) -> 0 | BH18: =IF(Q18=$J$14,V18,0) -> 0 | BI18: =IF(Q18=$J$14,V18,0) -> 0 | BJ18: =IF(Q18=$J$14,V18,IF(Q18=$J$17,V18,IF(Q18=$F$8,V18,0))) -> 0 | BK18: =IF(Q18=$J$7,V18,IF(Q18=$J$8,V18,IF(Q18=$J$9,V18,IF(Q18=$J$14,V18,IF(Q18=$J$10,V18,IF(Q18=$J$11,V18,IF(Q18=$J$12,V18,IF(Q18=$J$13,V18,IF(Q18=$K$5,V18,IF(Q18=$K$7,V18,IF(Q18=$K$3,V18,IF(Q18=$K$9,V18,IF(Q18=$K$10,V18,IF(Q18=$L$6,V18,IF(Q18=$E$10,V18,0))))))))))))))) -> 0 | BL18: =IF(Q18=$J$14,V18,IF(Q18=$L$8,V18,0)) -> 0 | BM18: =IF(Q18=$J$14,V18,0) -> 0 | BN18: =IF(Q18=$J$14,V18,0) -> 0 | BO18: =IF(Q18=$J$14,V18,0) -> 0 | BP18: =IF(Q18=$K$2,V18,IF(Q18=$K$19,V18,IF(Q18=$J$14,V18,IF(Q18=$K$6,V18,0)))) -> 0 | BQ18: =IF(Q18=$J$14,V18,0) -> 0 | BR18: =IF(Q18=$J$14,V18,0) -> 0 | BS18: =IF(Q18=$J$14,V18,0) -> 0 | BT18: =IF(Q18=$J$14,V18,0) -> 0 | BU18: =IF(Q18=$J$14,V18,IF(Q18=$K$4,V18,0)) -> 0 | BV18: =IF(Q18=$J$14,V18,0) -> 0 | BW18: =IF(Q18=$J$14,V18,0) -> 0 | BX18: =IF(Q18=$J$14,V18,0) -> 0 | BY18: =IF(Q18=$J$14,V18,0) -> 0 | BZ18: =IF(P18="Window",V18,IF(Q18=$J$14,V18,IF(Q18=$F$2,V18,0))) -> 0 | CA18: =IF(Q18=$J$14,V18,IF(Q18=$J$18,V18,0)) -> 0 | CB18: =IF(Q18=$J$14,V18,0) -> 0 | CC18: =IF(Q18=$J$14,V18,0) -> 0 | CD18: =IF(Q18=$J$14,V18,0) -> 0 | CE18: =IF(Q18=$J$14,V18,0) -> 0 | CF18: =IF(Q18=$J$14,V18,0) -> 0 | CG18: =IF(Q18=$J$14,V18,0) -> 0 | CH18: =IF(Q18=$J$14,V18,0) -> 0 | CI18: =IF(Q18=$J$14,V18,0) -> 0 | CJ18: =IF(Q18=$J$14,V18,0) -> 0
J19: Rainwater Collection Tank (gal) | K19: Flate Plate Solar Water Heating (sf) | P19: ='Construction and Materials'!B33 -> Pick Assembly | Q19: ='Construction and Materials'!C33 -> Pick Type | R19: ='Construction and Materials'!D33 | S19: =IF(NOT(Q19="Pick Type"),VLOOKUP(Q19,'LCA Data'!$C$8:$S$107,6,FALSE)*Lists!R19,0) -> 0 | T19: =IF(NOT(Q19="Pick Type"),VLOOKUP(Q19,'LCA Data'!$C$8:$S$107,10,FALSE)*Lists!R19,0) -> 0 | U19: =IF(NOT(Q19="Pick Type"),VLOOKUP(Q19,'LCA Data'!$C$8:$S$107,14,FALSE)*Lists!R19,0) -> 0 | V19: =SUM(S19:U19) -> 0 | W19: =IF(NOT(Q19="Pick Type"),VLOOKUP(Q19,'LCA Data'!$C$8:$S$107,7,FALSE)*Lists!R19,0) -> 0 | X19: =IF(NOT(Q19="Pick Type"),VLOOKUP(Q19,'LCA Data'!$C$8:$S$107,11,FALSE)*Lists!R19,0) -> 0 | Y19: =IF(NOT(Q19="Pick Type"),VLOOKUP(Q19,'LCA Data'!$C$8:$S$107,15,FALSE)*Lists!R19,0) -> 0 | Z19: =SUM(W19:Y19) -> 0 | AA19: =IF(NOT(Q19="Pick Type"),VLOOKUP(Q19,'LCA Data'!$C$8:$S$107,8,FALSE)*Lists!R19,0) -> 0 | AB19: =IF(NOT(Q19="Pick Type"),VLOOKUP(Q19,'LCA Data'!$C$8:$S$107,12,FALSE)*Lists!R19,0) -> 0 | AC19: =IF(NOT(Q19="Pick Type"),VLOOKUP(Q19,'LCA Data'!$C$8:$S$107,16,FALSE)*Lists!R19,0) -> 0 | AD19: =SUM(AA19:AC19) -> 0 | AE19: =IF(NOT(Q19="Pick Type"),VLOOKUP(Q19,'LCA Data'!$C$8:$S$107,9,FALSE)*Lists!R19,0) -> 0 | AF19: =IF(NOT(Q19="Pick Type"),VLOOKUP(Q19,'LCA Data'!$C$8:$S$107,13,FALSE)*Lists!R19,0) -> 0 | AG19: =IF(NOT(Q19="Pick Type"),VLOOKUP(Q19,'LCA Data'!$C$8:$S$107,17,FALSE)*Lists!R19,0) -> 0 | AH19: =SUM(AE19:AG19) -> 0 | AI19: =IF(R19=0,NA(),Q19) -> #N/A | AK19: " | AL19: =V19 -> 0 | AM19: =IF(Q19=$J$14,V19,0) -> 0 | AN19: =IF(Q19=$J$14,V19,0) -> 0 | AO19: =IF(Q19=$J$14,V19,0) -> 0 | AP19: =IF(Q19=$J$14,V19,0) -> 0 | AQ19: =IF(Q19=$J$14,V19,0) -> 0 | AR19: =IF(Q19=$J$14,V19,0) -> 0 | AS19: =IF(Q19=$J$14,V19,0) -> 0 | AT19: =IF(Q19=$J$14,V19,0) -> 0 | AU19: =IF(Q19=$J$14,V19,0) -> 0 | AV19: =IF(Q19=$J$14,V19,0) -> 0 | AW19: =IF(Q19=$J$14,V19,0) -> 0 | AX19: =IF(Q19=$J$14,V19,0) -> 0 | AY19: =IF(Q19=$J$14,V19,0) -> 0 | AZ19: =IF(Q19=$J$14,V19,0) -> 0 | BA19: =IF(Q19=$J$14,V19,0) -> 0 | BB19: =IF(Q19=$J$14,V19,0) -> 0 | BC19: =IF(Q19=$J$14,V19,0) -> 0 | BD19: =IF(Q19=$J$14,V19,0) -> 0 | BE19: =IF(Q19=$J$14,V19,0) -> 0 | BF19: =IF(Q19=$J$14,V19,IF(Q19=$F$2,V19,0)) -> 0 | BG19: =IF(Q19=$J$14,V19,IF(Q19=$J$18,V19,0)) -> 0 | BH19: =IF(Q19=$J$14,V19,0) -> 0 | BI19: =IF(Q19=$J$14,V19,0) -> 0 | BJ19: =IF(Q19=$J$14,V19,IF(Q19=$J$17,V19,IF(Q19=$F$8,V19,0))) -> 0 | BK19: =IF(Q19=$J$7,V19,IF(Q19=$J$8,V19,IF(Q19=$J$9,V19,IF(Q19=$J$14,V19,IF(Q19=$J$10,V19,IF(Q19=$J$11,V19,IF(Q19=$J$12,V19,IF(Q19=$J$13,V19,IF(Q19=$K$5,V19,IF(Q19=$K$7,V19,IF(Q19=$K$3,V19,IF(Q19=$K$9,V19,IF(Q19=$K$10,V19,IF(Q19=$L$6,V19,IF(Q19=$E$10,V19,0))))))))))))))) -> 0 | BL19: =IF(Q19=$J$14,V19,IF(Q19=$L$8,V19,0)) -> 0 | BM19: =IF(Q19=$J$14,V19,0) -> 0 | BN19: =IF(Q19=$J$14,V19,0) -> 0 | BO19: =IF(Q19=$J$14,V19,0) -> 0 | BP19: =IF(Q19=$K$2,V19,IF(Q19=$K$19,V19,IF(Q19=$J$14,V19,IF(Q19=$K$6,V19,0)))) -> 0 | BQ19: =IF(Q19=$J$14,V19,0) -> 0 | BR19: =IF(Q19=$J$14,V19,0) -> 0 | BS19: =IF(Q19=$J$14,V19,0) -> 0 | BT19: =IF(Q19=$J$14,V19,0) -> 0 | BU19: =IF(Q19=$J$14,V19,IF(Q19=$K$4,V19,0)) -> 0 | BV19: =IF(Q19=$J$14,V19,0) -> 0 | BW19: =IF(Q19=$J$14,V19,0) -> 0 | BX19: =IF(Q19=$J$14,V19,0) -> 0 | BY19: =IF(Q19=$J$14,V19,0) -> 0 | BZ19: =IF(P19="Window",V19,IF(Q19=$J$14,V19,IF(Q19=$F$2,V19,0))) -> 0 | CA19: =IF(Q19=$J$14,V19,IF(Q19=$J$18,V19,0)) -> 0 | CB19: =IF(Q19=$J$14,V19,0) -> 0 | CC19: =IF(Q19=$J$14,V19,0) -> 0 | CD19: =IF(Q19=$J$14,V19,0) -> 0 | CE19: =IF(Q19=$J$14,V19,0) -> 0 | CF19: =IF(Q19=$J$14,V19,0) -> 0 | CG19: =IF(Q19=$J$14,V19,0) -> 0 | CH19: =IF(Q19=$J$14,V19,0) -> 0 | CI19: =IF(Q19=$J$14,V19,0) -> 0 | CJ19: =IF(Q19=$J$14,V19,0) -> 0
P20: ='Construction and Materials'!B34 -> Pick Assembly | Q20: ='Construction and Materials'!C34 -> Pick Type | R20: ='Construction and Materials'!D34 | S20: =IF(NOT(Q20="Pick Type"),VLOOKUP(Q20,'LCA Data'!$C$8:$S$107,6,FALSE)*Lists!R20,0) -> 0 | T20: =IF(NOT(Q20="Pick Type"),VLOOKUP(Q20,'LCA Data'!$C$8:$S$107,10,FALSE)*Lists!R20,0) -> 0 | U20: =IF(NOT(Q20="Pick Type"),VLOOKUP(Q20,'LCA Data'!$C$8:$S$107,14,FALSE)*Lists!R20,0) -> 0 | V20: =SUM(S20:U20) -> 0 | W20: =IF(NOT(Q20="Pick Type"),VLOOKUP(Q20,'LCA Data'!$C$8:$S$107,7,FALSE)*Lists!R20,0) -> 0 | X20: =IF(NOT(Q20="Pick Type"),VLOOKUP(Q20,'LCA Data'!$C$8:$S$107,11,FALSE)*Lists!R20,0) -> 0 | Y20: =IF(NOT(Q20="Pick Type"),VLOOKUP(Q20,'LCA Data'!$C$8:$S$107,15,FALSE)*Lists!R20,0) -> 0 | Z20: =SUM(W20:Y20) -> 0 | AA20: =IF(NOT(Q20="Pick Type"),VLOOKUP(Q20,'LCA Data'!$C$8:$S$107,8,FALSE)*Lists!R20,0) -> 0 | AB20: =IF(NOT(Q20="Pick Type"),VLOOKUP(Q20,'LCA Data'!$C$8:$S$107,12,FALSE)*Lists!R20,0) -> 0 | AC20: =IF(NOT(Q20="Pick Type"),VLOOKUP(Q20,'LCA Data'!$C$8:$S$107,16,FALSE)*Lists!R20,0) -> 0 | AD20: =SUM(AA20:AC20) -> 0 | AE20: =IF(NOT(Q20="Pick Type"),VLOOKUP(Q20,'LCA Data'!$C$8:$S$107,9,FALSE)*Lists!R20,0) -> 0 | AF20: =IF(NOT(Q20="Pick Type"),VLOOKUP(Q20,'LCA Data'!$C$8:$S$107,13,FALSE)*Lists!R20,0) -> 0 | AG20: =IF(NOT(Q20="Pick Type"),VLOOKUP(Q20,'LCA Data'!$C$8:$S$107,17,FALSE)*Lists!R20,0) -> 0 | AH20: =SUM(AE20:AG20) -> 0 | AI20: =IF(R20=0,NA(),Q20) -> #N/A | AK20: " | AL20: =V20 -> 0 | AM20: =IF(Q20=$J$14,V20,0) -> 0 | AN20: =IF(Q20=$J$14,V20,0) -> 0 | AO20: =IF(Q20=$J$14,V20,0) -> 0 | AP20: =IF(Q20=$J$14,V20,0) -> 0 | AQ20: =IF(Q20=$J$14,V20,0) -> 0 | AR20: =IF(Q20=$J$14,V20,0) -> 0 | AS20: =IF(Q20=$J$14,V20,0) -> 0 | AT20: =IF(Q20=$J$14,V20,0) -> 0 | AU20: =IF(Q20=$J$14,V20,0) -> 0 | AV20: =IF(Q20=$J$14,V20,0) -> 0 | AW20: =IF(Q20=$J$14,V20,0) -> 0 | AX20: =IF(Q20=$J$14,V20,0) -> 0 | AY20: =IF(Q20=$J$14,V20,0) -> 0 | AZ20: =IF(Q20=$J$14,V20,0) -> 0 | BA20: =IF(Q20=$J$14,V20,0) -> 0 | BB20: =IF(Q20=$J$14,V20,0) -> 0 | BC20: =IF(Q20=$J$14,V20,0) -> 0 | BD20: =IF(Q20=$J$14,V20,0) -> 0 | BE20: =IF(Q20=$J$14,V20,0) -> 0 | BF20: =IF(Q20=$J$14,V20,IF(Q20=$F$2,V20,0)) -> 0 | BG20: =IF(Q20=$J$14,V20,IF(Q20=$J$18,V20,0)) -> 0 | BH20: =IF(Q20=$J$14,V20,0) -> 0 | BI20: =IF(Q20=$J$14,V20,0) -> 0 | BJ20: =IF(Q20=$J$14,V20,IF(Q20=$J$17,V20,IF(Q20=$F$8,V20,0))) -> 0 | BK20: =IF(Q20=$J$7,V20,IF(Q20=$J$8,V20,IF(Q20=$J$9,V20,IF(Q20=$J$14,V20,IF(Q20=$J$10,V20,IF(Q20=$J$11,V20,IF(Q20=$J$12,V20,IF(Q20=$J$13,V20,IF(Q20=$K$5,V20,IF(Q20=$K$7,V20,IF(Q20=$K$3,V20,IF(Q20=$K$9,V20,IF(Q20=$K$10,V20,IF(Q20=$L$6,V20,IF(Q20=$E$10,V20,0))))))))))))))) -> 0 | BL20: =IF(Q20=$J$14,V20,IF(Q20=$L$8,V20,0)) -> 0 | BM20: =IF(Q20=$J$14,V20,0) -> 0 | BN20: =IF(Q20=$J$14,V20,0) -> 0 | BO20: =IF(Q20=$J$14,V20,0) -> 0 | BP20: =IF(Q20=$K$2,V20,IF(Q20=$K$19,V20,IF(Q20=$J$14,V20,IF(Q20=$K$6,V20,0)))) -> 0 | BQ20: =IF(Q20=$J$14,V20,0) -> 0 | BR20: =IF(Q20=$J$14,V20,0) -> 0 | BS20: =IF(Q20=$J$14,V20,0) -> 0 | BT20: =IF(Q20=$J$14,V20,0) -> 0 | BU20: =IF(Q20=$J$14,V20,IF(Q20=$K$4,V20,0)) -> 0 | BV20: =IF(Q20=$J$14,V20,0) -> 0 | BW20: =IF(Q20=$J$14,V20,0) -> 0 | BX20: =IF(Q20=$J$14,V20,0) -> 0 | BY20: =IF(Q20=$J$14,V20,0) -> 0 | BZ20: =IF(P20="Window",V20,IF(Q20=$J$14,V20,IF(Q20=$F$2,V20,0))) -> 0 | CA20: =IF(Q20=$J$14,V20,IF(Q20=$J$18,V20,0)) -> 0 | CB20: =IF(Q20=$J$14,V20,0) -> 0 | CC20: =IF(Q20=$J$14,V20,0) -> 0 | CD20: =IF(Q20=$J$14,V20,0) -> 0 | CE20: =IF(Q20=$J$14,V20,0) -> 0 | CF20: =IF(Q20=$J$14,V20,0) -> 0 | CG20: =IF(Q20=$J$14,V20,0) -> 0 | CH20: =IF(Q20=$J$14,V20,0) -> 0 | CI20: =IF(Q20=$J$14,V20,0) -> 0 | CJ20: =IF(Q20=$J$14,V20,0) -> 0
P21: ='Construction and Materials'!B35 -> Pick Assembly | Q21: ='Construction and Materials'!C35 -> Pick Type | R21: ='Construction and Materials'!D35 | S21: =IF(NOT(Q21="Pick Type"),VLOOKUP(Q21,'LCA Data'!$C$8:$S$107,6,FALSE)*Lists!R21,0) -> 0 | T21: =IF(NOT(Q21="Pick Type"),VLOOKUP(Q21,'LCA Data'!$C$8:$S$107,10,FALSE)*Lists!R21,0) -> 0 | U21: =IF(NOT(Q21="Pick Type"),VLOOKUP(Q21,'LCA Data'!$C$8:$S$107,14,FALSE)*Lists!R21,0) -> 0 | V21: =SUM(S21:U21) -> 0 | W21: =IF(NOT(Q21="Pick Type"),VLOOKUP(Q21,'LCA Data'!$C$8:$S$107,7,FALSE)*Lists!R21,0) -> 0 | X21: =IF(NOT(Q21="Pick Type"),VLOOKUP(Q21,'LCA Data'!$C$8:$S$107,11,FALSE)*Lists!R21,0) -> 0 | Y21: =IF(NOT(Q21="Pick Type"),VLOOKUP(Q21,'LCA Data'!$C$8:$S$107,15,FALSE)*Lists!R21,0) -> 0 | Z21: =SUM(W21:Y21) -> 0 | AA21: =IF(NOT(Q21="Pick Type"),VLOOKUP(Q21,'LCA Data'!$C$8:$S$107,8,FALSE)*Lists!R21,0) -> 0 | AB21: =IF(NOT(Q21="Pick Type"),VLOOKUP(Q21,'LCA Data'!$C$8:$S$107,12,FALSE)*Lists!R21,0) -> 0 | AC21: =IF(NOT(Q21="Pick Type"),VLOOKUP(Q21,'LCA Data'!$C$8:$S$107,16,FALSE)*Lists!R21,0) -> 0 | AD21: =SUM(AA21:AC21) -> 0 | AE21: =IF(NOT(Q21="Pick Type"),VLOOKUP(Q21,'LCA Data'!$C$8:$S$107,9,FALSE)*Lists!R21,0) -> 0 | AF21: =IF(NOT(Q21="Pick Type"),VLOOKUP(Q21,'LCA Data'!$C$8:$S$107,13,FALSE)*Lists!R21,0) -> 0 | AG21: =IF(NOT(Q21="Pick Type"),VLOOKUP(Q21,'LCA Data'!$C$8:$S$107,17,FALSE)*Lists!R21,0) -> 0 | AH21: =SUM(AE21:AG21) -> 0 | AI21: =IF(R21=0,NA(),Q21) -> #N/A | AK21: " | AL21: =V21 -> 0 | AM21: =IF(Q21=$J$14,V21,0) -> 0 | AN21: =IF(Q21=$J$14,V21,0) -> 0 | AO21: =IF(Q21=$J$14,V21,0) -> 0 | AP21: =IF(Q21=$J$14,V21,0) -> 0 | AQ21: =IF(Q21=$J$14,V21,0) -> 0 | AR21: =IF(Q21=$J$14,V21,0) -> 0 | AS21: =IF(Q21=$J$14,V21,0) -> 0 | AT21: =IF(Q21=$J$14,V21,0) -> 0 | AU21: =IF(Q21=$J$14,V21,0) -> 0 | AV21: =IF(Q21=$J$14,V21,0) -> 0 | AW21: =IF(Q21=$J$14,V21,0) -> 0 | AX21: =IF(Q21=$J$14,V21,0) -> 0 | AY21: =IF(Q21=$J$14,V21,0) -> 0 | AZ21: =IF(Q21=$J$14,V21,0) -> 0 | BA21: =IF(Q21=$J$14,V21,0) -> 0 | BB21: =IF(Q21=$J$14,V21,0) -> 0 | BC21: =IF(Q21=$J$14,V21,0) -> 0 | BD21: =IF(Q21=$J$14,V21,0) -> 0 | BE21: =IF(Q21=$J$14,V21,0) -> 0 | BF21: =IF(Q21=$J$14,V21,IF(Q21=$F$2,V21,0)) -> 0 | BG21: =IF(Q21=$J$14,V21,IF(Q21=$J$18,V21,0)) -> 0 | BH21: =IF(Q21=$J$14,V21,0) -> 0 | BI21: =IF(Q21=$J$14,V21,0) -> 0 | BJ21: =IF(Q21=$J$14,V21,IF(Q21=$J$17,V21,IF(Q21=$F$8,V21,0))) -> 0 | BK21: =IF(Q21=$J$7,V21,IF(Q21=$J$8,V21,IF(Q21=$J$9,V21,IF(Q21=$J$14,V21,IF(Q21=$J$10,V21,IF(Q21=$J$11,V21,IF(Q21=$J$12,V21,IF(Q21=$J$13,V21,IF(Q21=$K$5,V21,IF(Q21=$K$7,V21,IF(Q21=$K$3,V21,IF(Q21=$K$9,V21,IF(Q21=$K$10,V21,IF(Q21=$L$6,V21,IF(Q21=$E$10,V21,0))))))))))))))) -> 0 | BL21: =IF(Q21=$J$14,V21,IF(Q21=$L$8,V21,0)) -> 0 | BM21: =IF(Q21=$J$14,V21,0) -> 0 | BN21: =IF(Q21=$J$14,V21,0) -> 0 | BO21: =IF(Q21=$J$14,V21,0) -> 0 | BP21: =IF(Q21=$K$2,V21,IF(Q21=$K$19,V21,IF(Q21=$J$14,V21,IF(Q21=$K$6,V21,0)))) -> 0 | BQ21: =IF(Q21=$J$14,V21,0) -> 0 | BR21: =IF(Q21=$J$14,V21,0) -> 0 | BS21: =IF(Q21=$J$14,V21,0) -> 0 | BT21: =IF(Q21=$J$14,V21,0) -> 0 | BU21: =IF(Q21=$J$14,V21,IF(Q21=$K$4,V21,0)) -> 0 | BV21: =IF(Q21=$J$14,V21,0) -> 0 | BW21: =IF(Q21=$J$14,V21,0) -> 0 | BX21: =IF(Q21=$J$14,V21,0) -> 0 | BY21: =IF(Q21=$J$14,V21,0) -> 0 | BZ21: =IF(P21="Window",V21,IF(Q21=$J$14,V21,IF(Q21=$F$2,V21,0))) -> 0 | CA21: =IF(Q21=$J$14,V21,IF(Q21=$J$18,V21,0)) -> 0 | CB21: =IF(Q21=$J$14,V21,0) -> 0 | CC21: =IF(Q21=$J$14,V21,0) -> 0 | CD21: =IF(Q21=$J$14,V21,0) -> 0 | CE21: =IF(Q21=$J$14,V21,0) -> 0 | CF21: =IF(Q21=$J$14,V21,0) -> 0 | CG21: =IF(Q21=$J$14,V21,0) -> 0 | CH21: =IF(Q21=$J$14,V21,0) -> 0 | CI21: =IF(Q21=$J$14,V21,0) -> 0 | CJ21: =IF(Q21=$J$14,V21,0) -> 0
P22: ='Construction and Materials'!B36 -> Pick Assembly | Q22: ='Construction and Materials'!C36 -> Pick Type | R22: ='Construction and Materials'!D36 | S22: =IF(NOT(Q22="Pick Type"),VLOOKUP(Q22,'LCA Data'!$C$8:$S$107,6,FALSE)*Lists!R22,0) -> 0 | T22: =IF(NOT(Q22="Pick Type"),VLOOKUP(Q22,'LCA Data'!$C$8:$S$107,10,FALSE)*Lists!R22,0) -> 0 | U22: =IF(NOT(Q22="Pick Type"),VLOOKUP(Q22,'LCA Data'!$C$8:$S$107,14,FALSE)*Lists!R22,0) -> 0 | V22: =SUM(S22:U22) -> 0 | W22: =IF(NOT(Q22="Pick Type"),VLOOKUP(Q22,'LCA Data'!$C$8:$S$107,7,FALSE)*Lists!R22,0) -> 0 | X22: =IF(NOT(Q22="Pick Type"),VLOOKUP(Q22,'LCA Data'!$C$8:$S$107,11,FALSE)*Lists!R22,0) -> 0 | Y22: =IF(NOT(Q22="Pick Type"),VLOOKUP(Q22,'LCA Data'!$C$8:$S$107,15,FALSE)*Lists!R22,0) -> 0 | Z22: =SUM(W22:Y22) -> 0 | AA22: =IF(NOT(Q22="Pick Type"),VLOOKUP(Q22,'LCA Data'!$C$8:$S$107,8,FALSE)*Lists!R22,0) -> 0 | AB22: =IF(NOT(Q22="Pick Type"),VLOOKUP(Q22,'LCA Data'!$C$8:$S$107,12,FALSE)*Lists!R22,0) -> 0 | AC22: =IF(NOT(Q22="Pick Type"),VLOOKUP(Q22,'LCA Data'!$C$8:$S$107,16,FALSE)*Lists!R22,0) -> 0 | AD22: =SUM(AA22:AC22) -> 0 | AE22: =IF(NOT(Q22="Pick Type"),VLOOKUP(Q22,'LCA Data'!$C$8:$S$107,9,FALSE)*Lists!R22,0) -> 0 | AF22: =IF(NOT(Q22="Pick Type"),VLOOKUP(Q22,'LCA Data'!$C$8:$S$107,13,FALSE)*Lists!R22,0) -> 0 | AG22: =IF(NOT(Q22="Pick Type"),VLOOKUP(Q22,'LCA Data'!$C$8:$S$107,17,FALSE)*Lists!R22,0) -> 0 | AH22: =SUM(AE22:AG22) -> 0 | AI22: =IF(R22=0,NA(),Q22) -> #N/A | AK22: " | AL22: =V22 -> 0 | AM22: =IF(Q22=$J$14,V22,0) -> 0 | AN22: =IF(Q22=$J$14,V22,0) -> 0 | AO22: =IF(Q22=$J$14,V22,0) -> 0 | AP22: =IF(Q22=$J$14,V22,0) -> 0 | AQ22: =IF(Q22=$J$14,V22,0) -> 0 | AR22: =IF(Q22=$J$14,V22,0) -> 0 | AS22: =IF(Q22=$J$14,V22,0) -> 0 | AT22: =IF(Q22=$J$14,V22,0) -> 0 | AU22: =IF(Q22=$J$14,V22,0) -> 0 | AV22: =IF(Q22=$J$14,V22,0) -> 0 | AW22: =IF(Q22=$J$14,V22,0) -> 0 | AX22: =IF(Q22=$J$14,V22,0) -> 0 | AY22: =IF(Q22=$J$14,V22,0) -> 0 | AZ22: =IF(Q22=$J$14,V22,0) -> 0 | BA22: =IF(Q22=$J$14,V22,0) -> 0 | BB22: =IF(Q22=$J$14,V22,0) -> 0 | BC22: =IF(Q22=$J$14,V22,0) -> 0 | BD22: =IF(Q22=$J$14,V22,0) -> 0 | BE22: =IF(Q22=$J$14,V22,0) -> 0 | BF22: =IF(Q22=$J$14,V22,IF(Q22=$F$2,V22,0)) -> 0 | BG22: =IF(Q22=$J$14,V22,IF(Q22=$J$18,V22,0)) -> 0 | BH22: =IF(Q22=$J$14,V22,0) -> 0 | BI22: =IF(Q22=$J$14,V22,0) -> 0 | BJ22: =IF(Q22=$J$14,V22,IF(Q22=$J$17,V22,IF(Q22=$F$8,V22,0))) -> 0 | BK22: =IF(Q22=$J$7,V22,IF(Q22=$J$8,V22,IF(Q22=$J$9,V22,IF(Q22=$J$14,V22,IF(Q22=$J$10,V22,IF(Q22=$J$11,V22,IF(Q22=$J$12,V22,IF(Q22=$J$13,V22,IF(Q22=$K$5,V22,IF(Q22=$K$7,V22,IF(Q22=$K$3,V22,IF(Q22=$K$9,V22,IF(Q22=$K$10,V22,IF(Q22=$L$6,V22,IF(Q22=$E$10,V22,0))))))))))))))) -> 0 | BL22: =IF(Q22=$J$14,V22,IF(Q22=$L$8,V22,0)) -> 0 | BM22: =IF(Q22=$J$14,V22,0) -> 0 | BN22: =IF(Q22=$J$14,V22,0) -> 0 | BO22: =IF(Q22=$J$14,V22,0) -> 0 | BP22: =IF(Q22=$K$2,V22,IF(Q22=$K$19,V22,IF(Q22=$J$14,V22,IF(Q22=$K$6,V22,0)))) -> 0 | BQ22: =IF(Q22=$J$14,V22,0) -> 0 | BR22: =IF(Q22=$J$14,V22,0) -> 0 | BS22: =IF(Q22=$J$14,V22,0) -> 0 | BT22: =IF(Q22=$J$14,V22,0) -> 0 | BU22: =IF(Q22=$J$14,V22,IF(Q22=$K$4,V22,0)) -> 0 | BV22: =IF(Q22=$J$14,V22,0) -> 0 | BW22: =IF(Q22=$J$14,V22,0) -> 0 | BX22: =IF(Q22=$J$14,V22,0) -> 0 | BY22: =IF(Q22=$J$14,V22,0) -> 0 | BZ22: =IF(P22="Window",V22,IF(Q22=$J$14,V22,IF(Q22=$F$2,V22,0))) -> 0 | CA22: =IF(Q22=$J$14,V22,IF(Q22=$J$18,V22,0)) -> 0 | CB22: =IF(Q22=$J$14,V22,0) -> 0 | CC22: =IF(Q22=$J$14,V22,0) -> 0 | CD22: =IF(Q22=$J$14,V22,0) -> 0 | CE22: =IF(Q22=$J$14,V22,0) -> 0 | CF22: =IF(Q22=$J$14,V22,0) -> 0 | CG22: =IF(Q22=$J$14,V22,0) -> 0 | CH22: =IF(Q22=$J$14,V22,0) -> 0 | CI22: =IF(Q22=$J$14,V22,0) -> 0 | CJ22: =IF(Q22=$J$14,V22,0) -> 0
P23: ='Construction and Materials'!B37 -> Pick Assembly | Q23: ='Construction and Materials'!C37 -> Pick Type | R23: ='Construction and Materials'!D37 | S23: =IF(NOT(Q23="Pick Type"),VLOOKUP(Q23,'LCA Data'!$C$8:$S$107,6,FALSE)*Lists!R23,0) -> 0 | T23: =IF(NOT(Q23="Pick Type"),VLOOKUP(Q23,'LCA Data'!$C$8:$S$107,10,FALSE)*Lists!R23,0) -> 0 | U23: =IF(NOT(Q23="Pick Type"),VLOOKUP(Q23,'LCA Data'!$C$8:$S$107,14,FALSE)*Lists!R23,0) -> 0 | V23: =SUM(S23:U23) -> 0 | W23: =IF(NOT(Q23="Pick Type"),VLOOKUP(Q23,'LCA Data'!$C$8:$S$107,7,FALSE)*Lists!R23,0) -> 0 | X23: =IF(NOT(Q23="Pick Type"),VLOOKUP(Q23,'LCA Data'!$C$8:$S$107,11,FALSE)*Lists!R23,0) -> 0 | Y23: =IF(NOT(Q23="Pick Type"),VLOOKUP(Q23,'LCA Data'!$C$8:$S$107,15,FALSE)*Lists!R23,0) -> 0 | Z23: =SUM(W23:Y23) -> 0 | AA23: =IF(NOT(Q23="Pick Type"),VLOOKUP(Q23,'LCA Data'!$C$8:$S$107,8,FALSE)*Lists!R23,0) -> 0 | AB23: =IF(NOT(Q23="Pick Type"),VLOOKUP(Q23,'LCA Data'!$C$8:$S$107,12,FALSE)*Lists!R23,0) -> 0 | AC23: =IF(NOT(Q23="Pick Type"),VLOOKUP(Q23,'LCA Data'!$C$8:$S$107,16,FALSE)*Lists!R23,0) -> 0 | AD23: =SUM(AA23:AC23) -> 0 | AE23: =IF(NOT(Q23="Pick Type"),VLOOKUP(Q23,'LCA Data'!$C$8:$S$107,9,FALSE)*Lists!R23,0) -> 0 | AF23: =IF(NOT(Q23="Pick Type"),VLOOKUP(Q23,'LCA Data'!$C$8:$S$107,13,FALSE)*Lists!R23,0) -> 0 | AG23: =IF(NOT(Q23="Pick Type"),VLOOKUP(Q23,'LCA Data'!$C$8:$S$107,17,FALSE)*Lists!R23,0) -> 0 | AH23: =SUM(AE23:AG23) -> 0 | AI23: =IF(R23=0,NA(),Q23) -> #N/A | AK23: " | AL23: =V23 -> 0 | AM23: =IF(Q23=$J$14,V23,0) -> 0 | AN23: =IF(Q23=$J$14,V23,0) -> 0 | AO23: =IF(Q23=$J$14,V23,0) -> 0 | AP23: =IF(Q23=$J$14,V23,0) -> 0 | AQ23: =IF(Q23=$J$14,V23,0) -> 0 | AR23: =IF(Q23=$J$14,V23,0) -> 0 | AS23: =IF(Q23=$J$14,V23,0) -> 0 | AT23: =IF(Q23=$J$14,V23,0) -> 0 | AU23: =IF(Q23=$J$14,V23,0) -> 0 | AV23: =IF(Q23=$J$14,V23,0) -> 0 | AW23: =IF(Q23=$J$14,V23,0) -> 0 | AX23: =IF(Q23=$J$14,V23,0) -> 0 | AY23: =IF(Q23=$J$14,V23,0) -> 0 | AZ23: =IF(Q23=$J$14,V23,0) -> 0 | BA23: =IF(Q23=$J$14,V23,0) -> 0 | BB23: =IF(Q23=$J$14,V23,0) -> 0 | BC23: =IF(Q23=$J$14,V23,0) -> 0 | BD23: =IF(Q23=$J$14,V23,0) -> 0 | BE23: =IF(Q23=$J$14,V23,0) -> 0 | BF23: =IF(Q23=$J$14,V23,IF(Q23=$F$2,V23,0)) -> 0 | BG23: =IF(Q23=$J$14,V23,IF(Q23=$J$18,V23,0)) -> 0 | BH23: =IF(Q23=$J$14,V23,0) -> 0 | BI23: =IF(Q23=$J$14,V23,0) -> 0 | BJ23: =IF(Q23=$J$14,V23,IF(Q23=$J$17,V23,IF(Q23=$F$8,V23,0))) -> 0 | BK23: =IF(Q23=$J$7,V23,IF(Q23=$J$8,V23,IF(Q23=$J$9,V23,IF(Q23=$J$14,V23,IF(Q23=$J$10,V23,IF(Q23=$J$11,V23,IF(Q23=$J$12,V23,IF(Q23=$J$13,V23,IF(Q23=$K$5,V23,IF(Q23=$K$7,V23,IF(Q23=$K$3,V23,IF(Q23=$K$9,V23,IF(Q23=$K$10,V23,IF(Q23=$L$6,V23,IF(Q23=$E$10,V23,0))))))))))))))) -> 0 | BL23: =IF(Q23=$J$14,V23,IF(Q23=$L$8,V23,0)) -> 0 | BM23: =IF(Q23=$J$14,V23,0) -> 0 | BN23: =IF(Q23=$J$14,V23,0) -> 0 | BO23: =IF(Q23=$J$14,V23,0) -> 0 | BP23: =IF(Q23=$K$2,V23,IF(Q23=$K$19,V23,IF(Q23=$J$14,V23,IF(Q23=$K$6,V23,0)))) -> 0 | BQ23: =IF(Q23=$J$14,V23,0) -> 0 | BR23: =IF(Q23=$J$14,V23,0) -> 0 | BS23: =IF(Q23=$J$14,V23,0) -> 0 | BT23: =IF(Q23=$J$14,V23,0) -> 0 | BU23: =IF(Q23=$J$14,V23,IF(Q23=$K$4,V23,0)) -> 0 | BV23: =IF(Q23=$J$14,V23,0) -> 0 | BW23: =IF(Q23=$J$14,V23,0) -> 0 | BX23: =IF(Q23=$J$14,V23,0) -> 0 | BY23: =IF(Q23=$J$14,V23,0) -> 0 | BZ23: =IF(P23="Window",V23,IF(Q23=$J$14,V23,IF(Q23=$F$2,V23,0))) -> 0 | CA23: =IF(Q23=$J$14,V23,IF(Q23=$J$18,V23,0)) -> 0 | CB23: =IF(Q23=$J$14,V23,0) -> 0 | CC23: =IF(Q23=$J$14,V23,0) -> 0 | CD23: =IF(Q23=$J$14,V23,0) -> 0 | CE23: =IF(Q23=$J$14,V23,0) -> 0 | CF23: =IF(Q23=$J$14,V23,0) -> 0 | CG23: =IF(Q23=$J$14,V23,0) -> 0 | CH23: =IF(Q23=$J$14,V23,0) -> 0 | CI23: =IF(Q23=$J$14,V23,0) -> 0 | CJ23: =IF(Q23=$J$14,V23,0) -> 0
P24: ='Construction and Materials'!B38 -> Pick Assembly | Q24: ='Construction and Materials'!C38 -> Pick Type | R24: ='Construction and Materials'!D38 | S24: =IF(NOT(Q24="Pick Type"),VLOOKUP(Q24,'LCA Data'!$C$8:$S$107,6,FALSE)*Lists!R24,0) -> 0 | T24: =IF(NOT(Q24="Pick Type"),VLOOKUP(Q24,'LCA Data'!$C$8:$S$107,10,FALSE)*Lists!R24,0) -> 0 | U24: =IF(NOT(Q24="Pick Type"),VLOOKUP(Q24,'LCA Data'!$C$8:$S$107,14,FALSE)*Lists!R24,0) -> 0 | V24: =SUM(S24:U24) -> 0 | W24: =IF(NOT(Q24="Pick Type"),VLOOKUP(Q24,'LCA Data'!$C$8:$S$107,7,FALSE)*Lists!R24,0) -> 0 | X24: =IF(NOT(Q24="Pick Type"),VLOOKUP(Q24,'LCA Data'!$C$8:$S$107,11,FALSE)*Lists!R24,0) -> 0 | Y24: =IF(NOT(Q24="Pick Type"),VLOOKUP(Q24,'LCA Data'!$C$8:$S$107,15,FALSE)*Lists!R24,0) -> 0 | Z24: =SUM(W24:Y24) -> 0 | AA24: =IF(NOT(Q24="Pick Type"),VLOOKUP(Q24,'LCA Data'!$C$8:$S$107,8,FALSE)*Lists!R24,0) -> 0 | AB24: =IF(NOT(Q24="Pick Type"),VLOOKUP(Q24,'LCA Data'!$C$8:$S$107,12,FALSE)*Lists!R24,0) -> 0 | AC24: =IF(NOT(Q24="Pick Type"),VLOOKUP(Q24,'LCA Data'!$C$8:$S$107,16,FALSE)*Lists!R24,0) -> 0 | AD24: =SUM(AA24:AC24) -> 0 | AE24: =IF(NOT(Q24="Pick Type"),VLOOKUP(Q24,'LCA Data'!$C$8:$S$107,9,FALSE)*Lists!R24,0) -> 0 | AF24: =IF(NOT(Q24="Pick Type"),VLOOKUP(Q24,'LCA Data'!$C$8:$S$107,13,FALSE)*Lists!R24,0) -> 0 | AG24: =IF(NOT(Q24="Pick Type"),VLOOKUP(Q24,'LCA Data'!$C$8:$S$107,17,FALSE)*Lists!R24,0) -> 0 | AH24: =SUM(AE24:AG24) -> 0 | AI24: =IF(R24=0,NA(),Q24) -> #N/A | AK24: " | AL24: =V24 -> 0 | AM24: =IF(Q24=$J$14,V24,0) -> 0 | AN24: =IF(Q24=$J$14,V24,0) -> 0 | AO24: =IF(Q24=$J$14,V24,0) -> 0 | AP24: =IF(Q24=$J$14,V24,0) -> 0 | AQ24: =IF(Q24=$J$14,V24,0) -> 0 | AR24: =IF(Q24=$J$14,V24,0) -> 0 | AS24: =IF(Q24=$J$14,V24,0) -> 0 | AT24: =IF(Q24=$J$14,V24,0) -> 0 | AU24: =IF(Q24=$J$14,V24,0) -> 0 | AV24: =IF(Q24=$J$14,V24,0) -> 0 | AW24: =IF(Q24=$J$14,V24,0) -> 0 | AX24: =IF(Q24=$J$14,V24,0) -> 0 | AY24: =IF(Q24=$J$14,V24,0) -> 0 | AZ24: =IF(Q24=$J$14,V24,0) -> 0 | BA24: =IF(Q24=$J$14,V24,0) -> 0 | BB24: =IF(Q24=$J$14,V24,0) -> 0 | BC24: =IF(Q24=$J$14,V24,0) -> 0 | BD24: =IF(Q24=$J$14,V24,0) -> 0 | BE24: =IF(Q24=$J$14,V24,0) -> 0 | BF24: =IF(Q24=$J$14,V24,IF(Q24=$F$2,V24,0)) -> 0 | BG24: =IF(Q24=$J$14,V24,IF(Q24=$J$18,V24,0)) -> 0 | BH24: =IF(Q24=$J$14,V24,0) -> 0 | BI24: =IF(Q24=$J$14,V24,0) -> 0 | BJ24: =IF(Q24=$J$14,V24,IF(Q24=$J$17,V24,IF(Q24=$F$8,V24,0))) -> 0 | BK24: =IF(Q24=$J$7,V24,IF(Q24=$J$8,V24,IF(Q24=$J$9,V24,IF(Q24=$J$14,V24,IF(Q24=$J$10,V24,IF(Q24=$J$11,V24,IF(Q24=$J$12,V24,IF(Q24=$J$13,V24,IF(Q24=$K$5,V24,IF(Q24=$K$7,V24,IF(Q24=$K$3,V24,IF(Q24=$K$9,V24,IF(Q24=$K$10,V24,IF(Q24=$L$6,V24,IF(Q24=$E$10,V24,0))))))))))))))) -> 0 | BL24: =IF(Q24=$J$14,V24,IF(Q24=$L$8,V24,0)) -> 0 | BM24: =IF(Q24=$J$14,V24,0) -> 0 | BN24: =IF(Q24=$J$14,V24,0) -> 0 | BO24: =IF(Q24=$J$14,V24,0) -> 0 | BP24: =IF(Q24=$K$2,V24,IF(Q24=$K$19,V24,IF(Q24=$J$14,V24,IF(Q24=$K$6,V24,0)))) -> 0 | BQ24: =IF(Q24=$J$14,V24,0) -> 0 | BR24: =IF(Q24=$J$14,V24,0) -> 0 | BS24: =IF(Q24=$J$14,V24,0) -> 0 | BT24: =IF(Q24=$J$14,V24,0) -> 0 | BU24: =IF(Q24=$J$14,V24,IF(Q24=$K$4,V24,0)) -> 0 | BV24: =IF(Q24=$J$14,V24,0) -> 0 | BW24: =IF(Q24=$J$14,V24,0) -> 0 | BX24: =IF(Q24=$J$14,V24,0) -> 0 | BY24: =IF(Q24=$J$14,V24,0) -> 0 | BZ24: =IF(P24="Window",V24,IF(Q24=$J$14,V24,IF(Q24=$F$2,V24,0))) -> 0 | CA24: =IF(Q24=$J$14,V24,IF(Q24=$J$18,V24,0)) -> 0 | CB24: =IF(Q24=$J$14,V24,0) -> 0 | CC24: =IF(Q24=$J$14,V24,0) -> 0 | CD24: =IF(Q24=$J$14,V24,0) -> 0 | CE24: =IF(Q24=$J$14,V24,0) -> 0 | CF24: =IF(Q24=$J$14,V24,0) -> 0 | CG24: =IF(Q24=$J$14,V24,0) -> 0 | CH24: =IF(Q24=$J$14,V24,0) -> 0 | CI24: =IF(Q24=$J$14,V24,0) -> 0 | CJ24: =IF(Q24=$J$14,V24,0) -> 0
P25: ='Construction and Materials'!B39 -> Pick Assembly | Q25: ='Construction and Materials'!C39 -> Pick Type | R25: ='Construction and Materials'!D39 | S25: =IF(NOT(Q25="Pick Type"),VLOOKUP(Q25,'LCA Data'!$C$8:$S$107,6,FALSE)*Lists!R25,0) -> 0 | T25: =IF(NOT(Q25="Pick Type"),VLOOKUP(Q25,'LCA Data'!$C$8:$S$107,10,FALSE)*Lists!R25,0) -> 0 | U25: =IF(NOT(Q25="Pick Type"),VLOOKUP(Q25,'LCA Data'!$C$8:$S$107,14,FALSE)*Lists!R25,0) -> 0 | V25: =SUM(S25:U25) -> 0 | W25: =IF(NOT(Q25="Pick Type"),VLOOKUP(Q25,'LCA Data'!$C$8:$S$107,7,FALSE)*Lists!R25,0) -> 0 | X25: =IF(NOT(Q25="Pick Type"),VLOOKUP(Q25,'LCA Data'!$C$8:$S$107,11,FALSE)*Lists!R25,0) -> 0 | Y25: =IF(NOT(Q25="Pick Type"),VLOOKUP(Q25,'LCA Data'!$C$8:$S$107,15,FALSE)*Lists!R25,0) -> 0 | Z25: =SUM(W25:Y25) -> 0 | AA25: =IF(NOT(Q25="Pick Type"),VLOOKUP(Q25,'LCA Data'!$C$8:$S$107,8,FALSE)*Lists!R25,0) -> 0 | AB25: =IF(NOT(Q25="Pick Type"),VLOOKUP(Q25,'LCA Data'!$C$8:$S$107,12,FALSE)*Lists!R25,0) -> 0 | AC25: =IF(NOT(Q25="Pick Type"),VLOOKUP(Q25,'LCA Data'!$C$8:$S$107,16,FALSE)*Lists!R25,0) -> 0 | AD25: =SUM(AA25:AC25) -> 0 | AE25: =IF(NOT(Q25="Pick Type"),VLOOKUP(Q25,'LCA Data'!$C$8:$S$107,9,FALSE)*Lists!R25,0) -> 0 | AF25: =IF(NOT(Q25="Pick Type"),VLOOKUP(Q25,'LCA Data'!$C$8:$S$107,13,FALSE)*Lists!R25,0) -> 0 | AG25: =IF(NOT(Q25="Pick Type"),VLOOKUP(Q25,'LCA Data'!$C$8:$S$107,17,FALSE)*Lists!R25,0) -> 0 | AH25: =SUM(AE25:AG25) -> 0 | AI25: =IF(R25=0,NA(),Q25) -> #N/A | AK25: " | AL25: =V25 -> 0 | AM25: =IF(Q25=$J$14,V25,0) -> 0 | AN25: =IF(Q25=$J$14,V25,0) -> 0 | AO25: =IF(Q25=$J$14,V25,0) -> 0 | AP25: =IF(Q25=$J$14,V25,0) -> 0 | AQ25: =IF(Q25=$J$14,V25,0) -> 0 | AR25: =IF(Q25=$J$14,V25,0) -> 0 | AS25: =IF(Q25=$J$14,V25,0) -> 0 | AT25: =IF(Q25=$J$14,V25,0) -> 0 | AU25: =IF(Q25=$J$14,V25,0) -> 0 | AV25: =IF(Q25=$J$14,V25,0) -> 0 | AW25: =IF(Q25=$J$14,V25,0) -> 0 | AX25: =IF(Q25=$J$14,V25,0) -> 0 | AY25: =IF(Q25=$J$14,V25,0) -> 0 | AZ25: =IF(Q25=$J$14,V25,0) -> 0 | BA25: =IF(Q25=$J$14,V25,0) -> 0 | BB25: =IF(Q25=$J$14,V25,0) -> 0 | BC25: =IF(Q25=$J$14,V25,0) -> 0 | BD25: =IF(Q25=$J$14,V25,0) -> 0 | BE25: =IF(Q25=$J$14,V25,0) -> 0 | BF25: =IF(Q25=$J$14,V25,IF(Q25=$F$2,V25,0)) -> 0 | BG25: =IF(Q25=$J$14,V25,IF(Q25=$J$18,V25,0)) -> 0 | BH25: =IF(Q25=$J$14,V25,0) -> 0 | BI25: =IF(Q25=$J$14,V25,0) -> 0 | BJ25: =IF(Q25=$J$14,V25,IF(Q25=$J$17,V25,IF(Q25=$F$8,V25,0))) -> 0 | BK25: =IF(Q25=$J$7,V25,IF(Q25=$J$8,V25,IF(Q25=$J$9,V25,IF(Q25=$J$14,V25,IF(Q25=$J$10,V25,IF(Q25=$J$11,V25,IF(Q25=$J$12,V25,IF(Q25=$J$13,V25,IF(Q25=$K$5,V25,IF(Q25=$K$7,V25,IF(Q25=$K$3,V25,IF(Q25=$K$9,V25,IF(Q25=$K$10,V25,IF(Q25=$L$6,V25,IF(Q25=$E$10,V25,0))))))))))))))) -> 0 | BL25: =IF(Q25=$J$14,V25,IF(Q25=$L$8,V25,0)) -> 0 | BM25: =IF(Q25=$J$14,V25,0) -> 0 | BN25: =IF(Q25=$J$14,V25,0) -> 0 | BO25: =IF(Q25=$J$14,V25,0) -> 0 | BP25: =IF(Q25=$K$2,V25,IF(Q25=$K$19,V25,IF(Q25=$J$14,V25,IF(Q25=$K$6,V25,0)))) -> 0 | BQ25: =IF(Q25=$J$14,V25,0) -> 0 | BR25: =IF(Q25=$J$14,V25,0) -> 0 | BS25: =IF(Q25=$J$14,V25,0) -> 0 | BT25: =IF(Q25=$J$14,V25,0) -> 0 | BU25: =IF(Q25=$J$14,V25,IF(Q25=$K$4,V25,0)) -> 0 | BV25: =IF(Q25=$J$14,V25,0) -> 0 | BW25: =IF(Q25=$J$14,V25,0) -> 0 | BX25: =IF(Q25=$J$14,V25,0) -> 0 | BY25: =IF(Q25=$J$14,V25,0) -> 0 | BZ25: =IF(P25="Window",V25,IF(Q25=$J$14,V25,IF(Q25=$F$2,V25,0))) -> 0 | CA25: =IF(Q25=$J$14,V25,IF(Q25=$J$18,V25,0)) -> 0 | CB25: =IF(Q25=$J$14,V25,0) -> 0 | CC25: =IF(Q25=$J$14,V25,0) -> 0 | CD25: =IF(Q25=$J$14,V25,0) -> 0 | CE25: =IF(Q25=$J$14,V25,0) -> 0 | CF25: =IF(Q25=$J$14,V25,0) -> 0 | CG25: =IF(Q25=$J$14,V25,0) -> 0 | CH25: =IF(Q25=$J$14,V25,0) -> 0 | CI25: =IF(Q25=$J$14,V25,0) -> 0 | CJ25: =IF(Q25=$J$14,V25,0) -> 0
P26: ='Construction and Materials'!B40 -> Pick Assembly | Q26: ='Construction and Materials'!C40 -> Pick Type | R26: ='Construction and Materials'!D40 | S26: =IF(NOT(Q26="Pick Type"),VLOOKUP(Q26,'LCA Data'!$C$8:$S$107,6,FALSE)*Lists!R26,0) -> 0 | T26: =IF(NOT(Q26="Pick Type"),VLOOKUP(Q26,'LCA Data'!$C$8:$S$107,10,FALSE)*Lists!R26,0) -> 0 | U26: =IF(NOT(Q26="Pick Type"),VLOOKUP(Q26,'LCA Data'!$C$8:$S$107,14,FALSE)*Lists!R26,0) -> 0 | V26: =SUM(S26:U26) -> 0 | W26: =IF(NOT(Q26="Pick Type"),VLOOKUP(Q26,'LCA Data'!$C$8:$S$107,7,FALSE)*Lists!R26,0) -> 0 | X26: =IF(NOT(Q26="Pick Type"),VLOOKUP(Q26,'LCA Data'!$C$8:$S$107,11,FALSE)*Lists!R26,0) -> 0 | Y26: =IF(NOT(Q26="Pick Type"),VLOOKUP(Q26,'LCA Data'!$C$8:$S$107,15,FALSE)*Lists!R26,0) -> 0 | Z26: =SUM(W26:Y26) -> 0 | AA26: =IF(NOT(Q26="Pick Type"),VLOOKUP(Q26,'LCA Data'!$C$8:$S$107,8,FALSE)*Lists!R26,0) -> 0 | AB26: =IF(NOT(Q26="Pick Type"),VLOOKUP(Q26,'LCA Data'!$C$8:$S$107,12,FALSE)*Lists!R26,0) -> 0 | AC26: =IF(NOT(Q26="Pick Type"),VLOOKUP(Q26,'LCA Data'!$C$8:$S$107,16,FALSE)*Lists!R26,0) -> 0 | AD26: =SUM(AA26:AC26) -> 0 | AE26: =IF(NOT(Q26="Pick Type"),VLOOKUP(Q26,'LCA Data'!$C$8:$S$107,9,FALSE)*Lists!R26,0) -> 0 | AF26: =IF(NOT(Q26="Pick Type"),VLOOKUP(Q26,'LCA Data'!$C$8:$S$107,13,FALSE)*Lists!R26,0) -> 0 | AG26: =IF(NOT(Q26="Pick Type"),VLOOKUP(Q26,'LCA Data'!$C$8:$S$107,17,FALSE)*Lists!R26,0) -> 0 | AH26: =SUM(AE26:AG26) -> 0 | AI26: =IF(R26=0,NA(),Q26) -> #N/A | AK26: " | AL26: =V26 -> 0 | AM26: =IF(Q26=$J$14,V26,0) -> 0 | AN26: =IF(Q26=$J$14,V26,0) -> 0 | AO26: =IF(Q26=$J$14,V26,0) -> 0 | AP26: =IF(Q26=$J$14,V26,0) -> 0 | AQ26: =IF(Q26=$J$14,V26,0) -> 0 | AR26: =IF(Q26=$J$14,V26,0) -> 0 | AS26: =IF(Q26=$J$14,V26,0) -> 0 | AT26: =IF(Q26=$J$14,V26,0) -> 0 | AU26: =IF(Q26=$J$14,V26,0) -> 0 | AV26: =IF(Q26=$J$14,V26,0) -> 0 | AW26: =IF(Q26=$J$14,V26,0) -> 0 | AX26: =IF(Q26=$J$14,V26,0) -> 0 | AY26: =IF(Q26=$J$14,V26,0) -> 0 | AZ26: =IF(Q26=$J$14,V26,0) -> 0 | BA26: =IF(Q26=$J$14,V26,0) -> 0 | BB26: =IF(Q26=$J$14,V26,0) -> 0 | BC26: =IF(Q26=$J$14,V26,0) -> 0 | BD26: =IF(Q26=$J$14,V26,0) -> 0 | BE26: =IF(Q26=$J$14,V26,0) -> 0 | BF26: =IF(Q26=$J$14,V26,IF(Q26=$F$2,V26,0)) -> 0 | BG26: =IF(Q26=$J$14,V26,IF(Q26=$J$18,V26,0)) -> 0 | BH26: =IF(Q26=$J$14,V26,0) -> 0 | BI26: =IF(Q26=$J$14,V26,0) -> 0 | BJ26: =IF(Q26=$J$14,V26,IF(Q26=$J$17,V26,IF(Q26=$F$8,V26,0))) -> 0 | BK26: =IF(Q26=$J$7,V26,IF(Q26=$J$8,V26,IF(Q26=$J$9,V26,IF(Q26=$J$14,V26,IF(Q26=$J$10,V26,IF(Q26=$J$11,V26,IF(Q26=$J$12,V26,IF(Q26=$J$13,V26,IF(Q26=$K$5,V26,IF(Q26=$K$7,V26,IF(Q26=$K$3,V26,IF(Q26=$K$9,V26,IF(Q26=$K$10,V26,IF(Q26=$L$6,V26,IF(Q26=$E$10,V26,0))))))))))))))) -> 0 | BL26: =IF(Q26=$J$14,V26,IF(Q26=$L$8,V26,0)) -> 0 | BM26: =IF(Q26=$J$14,V26,0) -> 0 | BN26: =IF(Q26=$J$14,V26,0) -> 0 | BO26: =IF(Q26=$J$14,V26,0) -> 0 | BP26: =IF(Q26=$K$2,V26,IF(Q26=$K$19,V26,IF(Q26=$J$14,V26,IF(Q26=$K$6,V26,0)))) -> 0 | BQ26: =IF(Q26=$J$14,V26,0) -> 0 | BR26: =IF(Q26=$J$14,V26,0) -> 0 | BS26: =IF(Q26=$J$14,V26,0) -> 0 | BT26: =IF(Q26=$J$14,V26,0) -> 0 | BU26: =IF(Q26=$J$14,V26,IF(Q26=$K$4,V26,0)) -> 0 | BV26: =IF(Q26=$J$14,V26,0) -> 0 | BW26: =IF(Q26=$J$14,V26,0) -> 0 | BX26: =IF(Q26=$J$14,V26,0) -> 0 | BY26: =IF(Q26=$J$14,V26,0) -> 0 | BZ26: =IF(P26="Window",V26,IF(Q26=$J$14,V26,IF(Q26=$F$2,V26,0))) -> 0 | CA26: =IF(Q26=$J$14,V26,IF(Q26=$J$18,V26,0)) -> 0 | CB26: =IF(Q26=$J$14,V26,0) -> 0 | CC26: =IF(Q26=$J$14,V26,0) -> 0 | CD26: =IF(Q26=$J$14,V26,0) -> 0 | CE26: =IF(Q26=$J$14,V26,0) -> 0 | CF26: =IF(Q26=$J$14,V26,0) -> 0 | CG26: =IF(Q26=$J$14,V26,0) -> 0 | CH26: =IF(Q26=$J$14,V26,0) -> 0 | CI26: =IF(Q26=$J$14,V26,0) -> 0 | CJ26: =IF(Q26=$J$14,V26,0) -> 0
P27: ='Construction and Materials'!B41 -> Pick Assembly | Q27: ='Construction and Materials'!C41 -> Pick Type | R27: ='Construction and Materials'!D41 | S27: =IF(NOT(Q27="Pick Type"),VLOOKUP(Q27,'LCA Data'!$C$8:$S$107,6,FALSE)*Lists!R27,0) -> 0 | T27: =IF(NOT(Q27="Pick Type"),VLOOKUP(Q27,'LCA Data'!$C$8:$S$107,10,FALSE)*Lists!R27,0) -> 0 | U27: =IF(NOT(Q27="Pick Type"),VLOOKUP(Q27,'LCA Data'!$C$8:$S$107,14,FALSE)*Lists!R27,0) -> 0 | V27: =SUM(S27:U27) -> 0 | W27: =IF(NOT(Q27="Pick Type"),VLOOKUP(Q27,'LCA Data'!$C$8:$S$107,7,FALSE)*Lists!R27,0) -> 0 | X27: =IF(NOT(Q27="Pick Type"),VLOOKUP(Q27,'LCA Data'!$C$8:$S$107,11,FALSE)*Lists!R27,0) -> 0 | Y27: =IF(NOT(Q27="Pick Type"),VLOOKUP(Q27,'LCA Data'!$C$8:$S$107,15,FALSE)*Lists!R27,0) -> 0 | Z27: =SUM(W27:Y27) -> 0 | AA27: =IF(NOT(Q27="Pick Type"),VLOOKUP(Q27,'LCA Data'!$C$8:$S$107,8,FALSE)*Lists!R27,0) -> 0 | AB27: =IF(NOT(Q27="Pick Type"),VLOOKUP(Q27,'LCA Data'!$C$8:$S$107,12,FALSE)*Lists!R27,0) -> 0 | AC27: =IF(NOT(Q27="Pick Type"),VLOOKUP(Q27,'LCA Data'!$C$8:$S$107,16,FALSE)*Lists!R27,0) -> 0 | AD27: =SUM(AA27:AC27) -> 0 | AE27: =IF(NOT(Q27="Pick Type"),VLOOKUP(Q27,'LCA Data'!$C$8:$S$107,9,FALSE)*Lists!R27,0) -> 0 | AF27: =IF(NOT(Q27="Pick Type"),VLOOKUP(Q27,'LCA Data'!$C$8:$S$107,13,FALSE)*Lists!R27,0) -> 0 | AG27: =IF(NOT(Q27="Pick Type"),VLOOKUP(Q27,'LCA Data'!$C$8:$S$107,17,FALSE)*Lists!R27,0) -> 0 | AH27: =SUM(AE27:AG27) -> 0 | AI27: =IF(R27=0,NA(),Q27) -> #N/A | AK27: " | AL27: =V27 -> 0 | AM27: =IF(Q27=$J$14,V27,0) -> 0 | AN27: =IF(Q27=$J$14,V27,0) -> 0 | AO27: =IF(Q27=$J$14,V27,0) -> 0 | AP27: =IF(Q27=$J$14,V27,0) -> 0 | AQ27: =IF(Q27=$J$14,V27,0) -> 0 | AR27: =IF(Q27=$J$14,V27,0) -> 0 | AS27: =IF(Q27=$J$14,V27,0) -> 0 | AT27: =IF(Q27=$J$14,V27,0) -> 0 | AU27: =IF(Q27=$J$14,V27,0) -> 0 | AV27: =IF(Q27=$J$14,V27,0) -> 0 | AW27: =IF(Q27=$J$14,V27,0) -> 0 | AX27: =IF(Q27=$J$14,V27,0) -> 0 | AY27: =IF(Q27=$J$14,V27,0) -> 0 | AZ27: =IF(Q27=$J$14,V27,0) -> 0 | BA27: =IF(Q27=$J$14,V27,0) -> 0 | BB27: =IF(Q27=$J$14,V27,0) -> 0 | BC27: =IF(Q27=$J$14,V27,0) -> 0 | BD27: =IF(Q27=$J$14,V27,0) -> 0 | BE27: =IF(Q27=$J$14,V27,0) -> 0 | BF27: =IF(Q27=$J$14,V27,IF(Q27=$F$2,V27,0)) -> 0 | BG27: =IF(Q27=$J$14,V27,IF(Q27=$J$18,V27,0)) -> 0 | BH27: =IF(Q27=$J$14,V27,0) -> 0 | BI27: =IF(Q27=$J$14,V27,0) -> 0 | BJ27: =IF(Q27=$J$14,V27,IF(Q27=$J$17,V27,IF(Q27=$F$8,V27,0))) -> 0 | BK27: =IF(Q27=$J$7,V27,IF(Q27=$J$8,V27,IF(Q27=$J$9,V27,IF(Q27=$J$14,V27,IF(Q27=$J$10,V27,IF(Q27=$J$11,V27,IF(Q27=$J$12,V27,IF(Q27=$J$13,V27,IF(Q27=$K$5,V27,IF(Q27=$K$7,V27,IF(Q27=$K$3,V27,IF(Q27=$K$9,V27,IF(Q27=$K$10,V27,IF(Q27=$L$6,V27,IF(Q27=$E$10,V27,0))))))))))))))) -> 0 | BL27: =IF(Q27=$J$14,V27,IF(Q27=$L$8,V27,0)) -> 0 | BM27: =IF(Q27=$J$14,V27,0) -> 0 | BN27: =IF(Q27=$J$14,V27,0) -> 0 | BO27: =IF(Q27=$J$14,V27,0) -> 0 | BP27: =IF(Q27=$K$2,V27,IF(Q27=$K$19,V27,IF(Q27=$J$14,V27,IF(Q27=$K$6,V27,0)))) -> 0 | BQ27: =IF(Q27=$J$14,V27,0) -> 0 | BR27: =IF(Q27=$J$14,V27,0) -> 0 | BS27: =IF(Q27=$J$14,V27,0) -> 0 | BT27: =IF(Q27=$J$14,V27,0) -> 0 | BU27: =IF(Q27=$J$14,V27,IF(Q27=$K$4,V27,0)) -> 0 | BV27: =IF(Q27=$J$14,V27,0) -> 0 | BW27: =IF(Q27=$J$14,V27,0) -> 0 | BX27: =IF(Q27=$J$14,V27,0) -> 0 | BY27: =IF(Q27=$J$14,V27,0) -> 0 | BZ27: =IF(P27="Window",V27,IF(Q27=$J$14,V27,IF(Q27=$F$2,V27,0))) -> 0 | CA27: =IF(Q27=$J$14,V27,IF(Q27=$J$18,V27,0)) -> 0 | CB27: =IF(Q27=$J$14,V27,0) -> 0 | CC27: =IF(Q27=$J$14,V27,0) -> 0 | CD27: =IF(Q27=$J$14,V27,0) -> 0 | CE27: =IF(Q27=$J$14,V27,0) -> 0 | CF27: =IF(Q27=$J$14,V27,0) -> 0 | CG27: =IF(Q27=$J$14,V27,0) -> 0 | CH27: =IF(Q27=$J$14,V27,0) -> 0 | CI27: =IF(Q27=$J$14,V27,0) -> 0 | CJ27: =IF(Q27=$J$14,V27,0) -> 0
P28: ='Construction and Materials'!B42 -> Pick Assembly | Q28: ='Construction and Materials'!C42 -> Pick Type | R28: ='Construction and Materials'!D42 | S28: =IF(NOT(Q28="Pick Type"),VLOOKUP(Q28,'LCA Data'!$C$8:$S$107,6,FALSE)*Lists!R28,0) -> 0 | T28: =IF(NOT(Q28="Pick Type"),VLOOKUP(Q28,'LCA Data'!$C$8:$S$107,10,FALSE)*Lists!R28,0) -> 0 | U28: =IF(NOT(Q28="Pick Type"),VLOOKUP(Q28,'LCA Data'!$C$8:$S$107,14,FALSE)*Lists!R28,0) -> 0 | V28: =SUM(S28:U28) -> 0 | W28: =IF(NOT(Q28="Pick Type"),VLOOKUP(Q28,'LCA Data'!$C$8:$S$107,7,FALSE)*Lists!R28,0) -> 0 | X28: =IF(NOT(Q28="Pick Type"),VLOOKUP(Q28,'LCA Data'!$C$8:$S$107,11,FALSE)*Lists!R28,0) -> 0 | Y28: =IF(NOT(Q28="Pick Type"),VLOOKUP(Q28,'LCA Data'!$C$8:$S$107,15,FALSE)*Lists!R28,0) -> 0 | Z28: =SUM(W28:Y28) -> 0 | AA28: =IF(NOT(Q28="Pick Type"),VLOOKUP(Q28,'LCA Data'!$C$8:$S$107,8,FALSE)*Lists!R28,0) -> 0 | AB28: =IF(NOT(Q28="Pick Type"),VLOOKUP(Q28,'LCA Data'!$C$8:$S$107,12,FALSE)*Lists!R28,0) -> 0 | AC28: =IF(NOT(Q28="Pick Type"),VLOOKUP(Q28,'LCA Data'!$C$8:$S$107,16,FALSE)*Lists!R28,0) -> 0 | AD28: =SUM(AA28:AC28) -> 0 | AE28: =IF(NOT(Q28="Pick Type"),VLOOKUP(Q28,'LCA Data'!$C$8:$S$107,9,FALSE)*Lists!R28,0) -> 0 | AF28: =IF(NOT(Q28="Pick Type"),VLOOKUP(Q28,'LCA Data'!$C$8:$S$107,13,FALSE)*Lists!R28,0) -> 0 | AG28: =IF(NOT(Q28="Pick Type"),VLOOKUP(Q28,'LCA Data'!$C$8:$S$107,17,FALSE)*Lists!R28,0) -> 0 | AH28: =SUM(AE28:AG28) -> 0 | AI28: =IF(R28=0,NA(),Q28) -> #N/A | AK28: " | AL28: =V28 -> 0 | AM28: =IF(Q28=$J$14,V28,0) -> 0 | AN28: =IF(Q28=$J$14,V28,0) -> 0 | AO28: =IF(Q28=$J$14,V28,0) -> 0 | AP28: =IF(Q28=$J$14,V28,0) -> 0 | AQ28: =IF(Q28=$J$14,V28,0) -> 0 | AR28: =IF(Q28=$J$14,V28,0) -> 0 | AS28: =IF(Q28=$J$14,V28,0) -> 0 | AT28: =IF(Q28=$J$14,V28,0) -> 0 | AU28: =IF(Q28=$J$14,V28,0) -> 0 | AV28: =IF(Q28=$J$14,V28,0) -> 0 | AW28: =IF(Q28=$J$14,V28,0) -> 0 | AX28: =IF(Q28=$J$14,V28,0) -> 0 | AY28: =IF(Q28=$J$14,V28,0) -> 0 | AZ28: =IF(Q28=$J$14,V28,0) -> 0 | BA28: =IF(Q28=$J$14,V28,0) -> 0 | BB28: =IF(Q28=$J$14,V28,0) -> 0 | BC28: =IF(Q28=$J$14,V28,0) -> 0 | BD28: =IF(Q28=$J$14,V28,0) -> 0 | BE28: =IF(Q28=$J$14,V28,0) -> 0 | BF28: =IF(Q28=$J$14,V28,IF(Q28=$F$2,V28,0)) -> 0 | BG28: =IF(Q28=$J$14,V28,IF(Q28=$J$18,V28,0)) -> 0 | BH28: =IF(Q28=$J$14,V28,0) -> 0 | BI28: =IF(Q28=$J$14,V28,0) -> 0 | BJ28: =IF(Q28=$J$14,V28,IF(Q28=$J$17,V28,IF(Q28=$F$8,V28,0))) -> 0 | BK28: =IF(Q28=$J$7,V28,IF(Q28=$J$8,V28,IF(Q28=$J$9,V28,IF(Q28=$J$14,V28,IF(Q28=$J$10,V28,IF(Q28=$J$11,V28,IF(Q28=$J$12,V28,IF(Q28=$J$13,V28,IF(Q28=$K$5,V28,IF(Q28=$K$7,V28,IF(Q28=$K$3,V28,IF(Q28=$K$9,V28,IF(Q28=$K$10,V28,IF(Q28=$L$6,V28,IF(Q28=$E$10,V28,0))))))))))))))) -> 0 | BL28: =IF(Q28=$J$14,V28,IF(Q28=$L$8,V28,0)) -> 0 | BM28: =IF(Q28=$J$14,V28,0) -> 0 | BN28: =IF(Q28=$J$14,V28,0) -> 0 | BO28: =IF(Q28=$J$14,V28,0) -> 0 | BP28: =IF(Q28=$K$2,V28,IF(Q28=$K$19,V28,IF(Q28=$J$14,V28,IF(Q28=$K$6,V28,0)))) -> 0 | BQ28: =IF(Q28=$J$14,V28,0) -> 0 | BR28: =IF(Q28=$J$14,V28,0) -> 0 | BS28: =IF(Q28=$J$14,V28,0) -> 0 | BT28: =IF(Q28=$J$14,V28,0) -> 0 | BU28: =IF(Q28=$J$14,V28,IF(Q28=$K$4,V28,0)) -> 0 | BV28: =IF(Q28=$J$14,V28,0) -> 0 | BW28: =IF(Q28=$J$14,V28,0) -> 0 | BX28: =IF(Q28=$J$14,V28,0) -> 0 | BY28: =IF(Q28=$J$14,V28,0) -> 0 | BZ28: =IF(P28="Window",V28,IF(Q28=$J$14,V28,IF(Q28=$F$2,V28,0))) -> 0 | CA28: =IF(Q28=$J$14,V28,IF(Q28=$J$18,V28,0)) -> 0 | CB28: =IF(Q28=$J$14,V28,0) -> 0 | CC28: =IF(Q28=$J$14,V28,0) -> 0 | CD28: =IF(Q28=$J$14,V28,0) -> 0 | CE28: =IF(Q28=$J$14,V28,0) -> 0 | CF28: =IF(Q28=$J$14,V28,0) -> 0 | CG28: =IF(Q28=$J$14,V28,0) -> 0 | CH28: =IF(Q28=$J$14,V28,0) -> 0 | CI28: =IF(Q28=$J$14,V28,0) -> 0 | CJ28: =IF(Q28=$J$14,V28,0) -> 0
P29: ='Construction and Materials'!B43 -> Pick Assembly | Q29: ='Construction and Materials'!C43 -> Pick Type | R29: ='Construction and Materials'!D43 | S29: =IF(NOT(Q29="Pick Type"),VLOOKUP(Q29,'LCA Data'!$C$8:$S$107,6,FALSE)*Lists!R29,0) -> 0 | T29: =IF(NOT(Q29="Pick Type"),VLOOKUP(Q29,'LCA Data'!$C$8:$S$107,10,FALSE)*Lists!R29,0) -> 0 | U29: =IF(NOT(Q29="Pick Type"),VLOOKUP(Q29,'LCA Data'!$C$8:$S$107,14,FALSE)*Lists!R29,0) -> 0 | V29: =SUM(S29:U29) -> 0 | W29: =IF(NOT(Q29="Pick Type"),VLOOKUP(Q29,'LCA Data'!$C$8:$S$107,7,FALSE)*Lists!R29,0) -> 0 | X29: =IF(NOT(Q29="Pick Type"),VLOOKUP(Q29,'LCA Data'!$C$8:$S$107,11,FALSE)*Lists!R29,0) -> 0 | Y29: =IF(NOT(Q29="Pick Type"),VLOOKUP(Q29,'LCA Data'!$C$8:$S$107,15,FALSE)*Lists!R29,0) -> 0 | Z29: =SUM(W29:Y29) -> 0 | AA29: =IF(NOT(Q29="Pick Type"),VLOOKUP(Q29,'LCA Data'!$C$8:$S$107,8,FALSE)*Lists!R29,0) -> 0 | AB29: =IF(NOT(Q29="Pick Type"),VLOOKUP(Q29,'LCA Data'!$C$8:$S$107,12,FALSE)*Lists!R29,0) -> 0 | AC29: =IF(NOT(Q29="Pick Type"),VLOOKUP(Q29,'LCA Data'!$C$8:$S$107,16,FALSE)*Lists!R29,0) -> 0 | AD29: =SUM(AA29:AC29) -> 0 | AE29: =IF(NOT(Q29="Pick Type"),VLOOKUP(Q29,'LCA Data'!$C$8:$S$107,9,FALSE)*Lists!R29,0) -> 0 | AF29: =IF(NOT(Q29="Pick Type"),VLOOKUP(Q29,'LCA Data'!$C$8:$S$107,13,FALSE)*Lists!R29,0) -> 0 | AG29: =IF(NOT(Q29="Pick Type"),VLOOKUP(Q29,'LCA Data'!$C$8:$S$107,17,FALSE)*Lists!R29,0) -> 0 | AH29: =SUM(AE29:AG29) -> 0 | AI29: =IF(R29=0,NA(),Q29) -> #N/A | AK29: " | AL29: =V29 -> 0 | AM29: =IF(Q29=$J$14,V29,0) -> 0 | AN29: =IF(Q29=$J$14,V29,0) -> 0 | AO29: =IF(Q29=$J$14,V29,0) -> 0 | AP29: =IF(Q29=$J$14,V29,0) -> 0 | AQ29: =IF(Q29=$J$14,V29,0) -> 0 | AR29: =IF(Q29=$J$14,V29,0) -> 0 | AS29: =IF(Q29=$J$14,V29,0) -> 0 | AT29: =IF(Q29=$J$14,V29,0) -> 0 | AU29: =IF(Q29=$J$14,V29,0) -> 0 | AV29: =IF(Q29=$J$14,V29,0) -> 0 | AW29: =IF(Q29=$J$14,V29,0) -> 0 | AX29: =IF(Q29=$J$14,V29,0) -> 0 | AY29: =IF(Q29=$J$14,V29,0) -> 0 | AZ29: =IF(Q29=$J$14,V29,0) -> 0 | BA29: =IF(Q29=$J$14,V29,0) -> 0 | BB29: =IF(Q29=$J$14,V29,0) -> 0 | BC29: =IF(Q29=$J$14,V29,0) -> 0 | BD29: =IF(Q29=$J$14,V29,0) -> 0 | BE29: =IF(Q29=$J$14,V29,0) -> 0 | BF29: =IF(Q29=$J$14,V29,IF(Q29=$F$2,V29,0)) -> 0 | BG29: =IF(Q29=$J$14,V29,IF(Q29=$J$18,V29,0)) -> 0 | BH29: =IF(Q29=$J$14,V29,0) -> 0 | BI29: =IF(Q29=$J$14,V29,0) -> 0 | BJ29: =IF(Q29=$J$14,V29,IF(Q29=$J$17,V29,IF(Q29=$F$8,V29,0))) -> 0 | BK29: =IF(Q29=$J$7,V29,IF(Q29=$J$8,V29,IF(Q29=$J$9,V29,IF(Q29=$J$14,V29,IF(Q29=$J$10,V29,IF(Q29=$J$11,V29,IF(Q29=$J$12,V29,IF(Q29=$J$13,V29,IF(Q29=$K$5,V29,IF(Q29=$K$7,V29,IF(Q29=$K$3,V29,IF(Q29=$K$9,V29,IF(Q29=$K$10,V29,IF(Q29=$L$6,V29,IF(Q29=$E$10,V29,0))))))))))))))) -> 0 | BL29: =IF(Q29=$J$14,V29,IF(Q29=$L$8,V29,0)) -> 0 | BM29: =IF(Q29=$J$14,V29,0) -> 0 | BN29: =IF(Q29=$J$14,V29,0) -> 0 | BO29: =IF(Q29=$J$14,V29,0) -> 0 | BP29: =IF(Q29=$K$2,V29,IF(Q29=$K$19,V29,IF(Q29=$J$14,V29,IF(Q29=$K$6,V29,0)))) -> 0 | BQ29: =IF(Q29=$J$14,V29,0) -> 0 | BR29: =IF(Q29=$J$14,V29,0) -> 0 | BS29: =IF(Q29=$J$14,V29,0) -> 0 | BT29: =IF(Q29=$J$14,V29,0) -> 0 | BU29: =IF(Q29=$J$14,V29,IF(Q29=$K$4,V29,0)) -> 0 | BV29: =IF(Q29=$J$14,V29,0) -> 0 | BW29: =IF(Q29=$J$14,V29,0) -> 0 | BX29: =IF(Q29=$J$14,V29,0) -> 0 | BY29: =IF(Q29=$J$14,V29,0) -> 0 | BZ29: =IF(P29="Window",V29,IF(Q29=$J$14,V29,IF(Q29=$F$2,V29,0))) -> 0 | CA29: =IF(Q29=$J$14,V29,IF(Q29=$J$18,V29,0)) -> 0 | CB29: =IF(Q29=$J$14,V29,0) -> 0 | CC29: =IF(Q29=$J$14,V29,0) -> 0 | CD29: =IF(Q29=$J$14,V29,0) -> 0 | CE29: =IF(Q29=$J$14,V29,0) -> 0 | CF29: =IF(Q29=$J$14,V29,0) -> 0 | CG29: =IF(Q29=$J$14,V29,0) -> 0 | CH29: =IF(Q29=$J$14,V29,0) -> 0 | CI29: =IF(Q29=$J$14,V29,0) -> 0 | CJ29: =IF(Q29=$J$14,V29,0) -> 0
P30: ='Construction and Materials'!B44 -> Pick Assembly | Q30: ='Construction and Materials'!C44 -> Pick Type | R30: ='Construction and Materials'!D44 | S30: =IF(NOT(Q30="Pick Type"),VLOOKUP(Q30,'LCA Data'!$C$8:$S$107,6,FALSE)*Lists!R30,0) -> 0 | T30: =IF(NOT(Q30="Pick Type"),VLOOKUP(Q30,'LCA Data'!$C$8:$S$107,10,FALSE)*Lists!R30,0) -> 0 | U30: =IF(NOT(Q30="Pick Type"),VLOOKUP(Q30,'LCA Data'!$C$8:$S$107,14,FALSE)*Lists!R30,0) -> 0 | V30: =SUM(S30:U30) -> 0 | W30: =IF(NOT(Q30="Pick Type"),VLOOKUP(Q30,'LCA Data'!$C$8:$S$107,7,FALSE)*Lists!R30,0) -> 0 | X30: =IF(NOT(Q30="Pick Type"),VLOOKUP(Q30,'LCA Data'!$C$8:$S$107,11,FALSE)*Lists!R30,0) -> 0 | Y30: =IF(NOT(Q30="Pick Type"),VLOOKUP(Q30,'LCA Data'!$C$8:$S$107,15,FALSE)*Lists!R30,0) -> 0 | Z30: =SUM(W30:Y30) -> 0 | AA30: =IF(NOT(Q30="Pick Type"),VLOOKUP(Q30,'LCA Data'!$C$8:$S$107,8,FALSE)*Lists!R30,0) -> 0 | AB30: =IF(NOT(Q30="Pick Type"),VLOOKUP(Q30,'LCA Data'!$C$8:$S$107,12,FALSE)*Lists!R30,0) -> 0 | AC30: =IF(NOT(Q30="Pick Type"),VLOOKUP(Q30,'LCA Data'!$C$8:$S$107,16,FALSE)*Lists!R30,0) -> 0 | AD30: =SUM(AA30:AC30) -> 0 | AE30: =IF(NOT(Q30="Pick Type"),VLOOKUP(Q30,'LCA Data'!$C$8:$S$107,9,FALSE)*Lists!R30,0) -> 0 | AF30: =IF(NOT(Q30="Pick Type"),VLOOKUP(Q30,'LCA Data'!$C$8:$S$107,13,FALSE)*Lists!R30,0) -> 0 | AG30: =IF(NOT(Q30="Pick Type"),VLOOKUP(Q30,'LCA Data'!$C$8:$S$107,17,FALSE)*Lists!R30,0) -> 0 | AH30: =SUM(AE30:AG30) -> 0 | AI30: =IF(R30=0,NA(),Q30) -> #N/A | AK30: " | AL30: =V30 -> 0 | AM30: =IF(Q30=$J$14,V30,0) -> 0 | AN30: =IF(Q30=$J$14,V30,0) -> 0 | AO30: =IF(Q30=$J$14,V30,0) -> 0 | AP30: =IF(Q30=$J$14,V30,0) -> 0 | AQ30: =IF(Q30=$J$14,V30,0) -> 0 | AR30: =IF(Q30=$J$14,V30,0) -> 0 | AS30: =IF(Q30=$J$14,V30,0) -> 0 | AT30: =IF(Q30=$J$14,V30,0) -> 0 | AU30: =IF(Q30=$J$14,V30,0) -> 0 | AV30: =IF(Q30=$J$14,V30,0) -> 0 | AW30: =IF(Q30=$J$14,V30,0) -> 0 | AX30: =IF(Q30=$J$14,V30,0) -> 0 | AY30: =IF(Q30=$J$14,V30,0) -> 0 | AZ30: =IF(Q30=$J$14,V30,0) -> 0 | BA30: =IF(Q30=$J$14,V30,0) -> 0 | BB30: =IF(Q30=$J$14,V30,0) -> 0 | BC30: =IF(Q30=$J$14,V30,0) -> 0 | BD30: =IF(Q30=$J$14,V30,0) -> 0 | BE30: =IF(Q30=$J$14,V30,0) -> 0 | BF30: =IF(Q30=$J$14,V30,IF(Q30=$F$2,V30,0)) -> 0 | BG30: =IF(Q30=$J$14,V30,IF(Q30=$J$18,V30,0)) -> 0 | BH30: =IF(Q30=$J$14,V30,0) -> 0 | BI30: =IF(Q30=$J$14,V30,0) -> 0 | BJ30: =IF(Q30=$J$14,V30,IF(Q30=$J$17,V30,IF(Q30=$F$8,V30,0))) -> 0 | BK30: =IF(Q30=$J$7,V30,IF(Q30=$J$8,V30,IF(Q30=$J$9,V30,IF(Q30=$J$14,V30,IF(Q30=$J$10,V30,IF(Q30=$J$11,V30,IF(Q30=$J$12,V30,IF(Q30=$J$13,V30,IF(Q30=$K$5,V30,IF(Q30=$K$7,V30,IF(Q30=$K$3,V30,IF(Q30=$K$9,V30,IF(Q30=$K$10,V30,IF(Q30=$L$6,V30,IF(Q30=$E$10,V30,0))))))))))))))) -> 0 | BL30: =IF(Q30=$J$14,V30,IF(Q30=$L$8,V30,0)) -> 0 | BM30: =IF(Q30=$J$14,V30,0) -> 0 | BN30: =IF(Q30=$J$14,V30,0) -> 0 | BO30: =IF(Q30=$J$14,V30,0) -> 0 | BP30: =IF(Q30=$K$2,V30,IF(Q30=$K$19,V30,IF(Q30=$J$14,V30,IF(Q30=$K$6,V30,0)))) -> 0 | BQ30: =IF(Q30=$J$14,V30,0) -> 0 | BR30: =IF(Q30=$J$14,V30,0) -> 0 | BS30: =IF(Q30=$J$14,V30,0) -> 0 | BT30: =IF(Q30=$J$14,V30,0) -> 0 | BU30: =IF(Q30=$J$14,V30,IF(Q30=$K$4,V30,0)) -> 0 | BV30: =IF(Q30=$J$14,V30,0) -> 0 | BW30: =IF(Q30=$J$14,V30,0) -> 0 | BX30: =IF(Q30=$J$14,V30,0) -> 0 | BY30: =IF(Q30=$J$14,V30,0) -> 0 | BZ30: =IF(P30="Window",V30,IF(Q30=$J$14,V30,IF(Q30=$F$2,V30,0))) -> 0 | CA30: =IF(Q30=$J$14,V30,IF(Q30=$J$18,V30,0)) -> 0 | CB30: =IF(Q30=$J$14,V30,0) -> 0 | CC30: =IF(Q30=$J$14,V30,0) -> 0 | CD30: =IF(Q30=$J$14,V30,0) -> 0 | CE30: =IF(Q30=$J$14,V30,0) -> 0 | CF30: =IF(Q30=$J$14,V30,0) -> 0 | CG30: =IF(Q30=$J$14,V30,0) -> 0 | CH30: =IF(Q30=$J$14,V30,0) -> 0 | CI30: =IF(Q30=$J$14,V30,0) -> 0 | CJ30: =IF(Q30=$J$14,V30,0) -> 0
P31: ='Construction and Materials'!B45 -> Pick Assembly | Q31: ='Construction and Materials'!C45 -> Pick Type | R31: ='Construction and Materials'!D45 | S31: =IF(NOT(Q31="Pick Type"),VLOOKUP(Q31,'LCA Data'!$C$8:$S$107,6,FALSE)*Lists!R31,0) -> 0 | T31: =IF(NOT(Q31="Pick Type"),VLOOKUP(Q31,'LCA Data'!$C$8:$S$107,10,FALSE)*Lists!R31,0) -> 0 | U31: =IF(NOT(Q31="Pick Type"),VLOOKUP(Q31,'LCA Data'!$C$8:$S$107,14,FALSE)*Lists!R31,0) -> 0 | V31: =SUM(S31:U31) -> 0 | W31: =IF(NOT(Q31="Pick Type"),VLOOKUP(Q31,'LCA Data'!$C$8:$S$107,7,FALSE)*Lists!R31,0) -> 0 | X31: =IF(NOT(Q31="Pick Type"),VLOOKUP(Q31,'LCA Data'!$C$8:$S$107,11,FALSE)*Lists!R31,0) -> 0 | Y31: =IF(NOT(Q31="Pick Type"),VLOOKUP(Q31,'LCA Data'!$C$8:$S$107,15,FALSE)*Lists!R31,0) -> 0 | Z31: =SUM(W31:Y31) -> 0 | AA31: =IF(NOT(Q31="Pick Type"),VLOOKUP(Q31,'LCA Data'!$C$8:$S$107,8,FALSE)*Lists!R31,0) -> 0 | AB31: =IF(NOT(Q31="Pick Type"),VLOOKUP(Q31,'LCA Data'!$C$8:$S$107,12,FALSE)*Lists!R31,0) -> 0 | AC31: =IF(NOT(Q31="Pick Type"),VLOOKUP(Q31,'LCA Data'!$C$8:$S$107,16,FALSE)*Lists!R31,0) -> 0 | AD31: =SUM(AA31:AC31) -> 0 | AE31: =IF(NOT(Q31="Pick Type"),VLOOKUP(Q31,'LCA Data'!$C$8:$S$107,9,FALSE)*Lists!R31,0) -> 0 | AF31: =IF(NOT(Q31="Pick Type"),VLOOKUP(Q31,'LCA Data'!$C$8:$S$107,13,FALSE)*Lists!R31,0) -> 0 | AG31: =IF(NOT(Q31="Pick Type"),VLOOKUP(Q31,'LCA Data'!$C$8:$S$107,17,FALSE)*Lists!R31,0) -> 0 | AH31: =SUM(AE31:AG31) -> 0 | AI31: =IF(R31=0,NA(),Q31) -> #N/A | AK31: " | AL31: =V31 -> 0 | AM31: =IF(Q31=$J$14,V31,0) -> 0 | AN31: =IF(Q31=$J$14,V31,0) -> 0 | AO31: =IF(Q31=$J$14,V31,0) -> 0 | AP31: =IF(Q31=$J$14,V31,0) -> 0 | AQ31: =IF(Q31=$J$14,V31,0) -> 0 | AR31: =IF(Q31=$J$14,V31,0) -> 0 | AS31: =IF(Q31=$J$14,V31,0) -> 0 | AT31: =IF(Q31=$J$14,V31,0) -> 0 | AU31: =IF(Q31=$J$14,V31,0) -> 0 | AV31: =IF(Q31=$J$14,V31,0) -> 0 | AW31: =IF(Q31=$J$14,V31,0) -> 0 | AX31: =IF(Q31=$J$14,V31,0) -> 0 | AY31: =IF(Q31=$J$14,V31,0) -> 0 | AZ31: =IF(Q31=$J$14,V31,0) -> 0 | BA31: =IF(Q31=$J$14,V31,0) -> 0 | BB31: =IF(Q31=$J$14,V31,0) -> 0 | BC31: =IF(Q31=$J$14,V31,0) -> 0 | BD31: =IF(Q31=$J$14,V31,0) -> 0 | BE31: =IF(Q31=$J$14,V31,0) -> 0 | BF31: =IF(Q31=$J$14,V31,IF(Q31=$F$2,V31,0)) -> 0 | BG31: =IF(Q31=$J$14,V31,IF(Q31=$J$18,V31,0)) -> 0 | BH31: =IF(Q31=$J$14,V31,0) -> 0 | BI31: =IF(Q31=$J$14,V31,0) -> 0 | BJ31: =IF(Q31=$J$14,V31,IF(Q31=$J$17,V31,IF(Q31=$F$8,V31,0))) -> 0 | BK31: =IF(Q31=$J$7,V31,IF(Q31=$J$8,V31,IF(Q31=$J$9,V31,IF(Q31=$J$14,V31,IF(Q31=$J$10,V31,IF(Q31=$J$11,V31,IF(Q31=$J$12,V31,IF(Q31=$J$13,V31,IF(Q31=$K$5,V31,IF(Q31=$K$7,V31,IF(Q31=$K$3,V31,IF(Q31=$K$9,V31,IF(Q31=$K$10,V31,IF(Q31=$L$6,V31,IF(Q31=$E$10,V31,0))))))))))))))) -> 0 | BL31: =IF(Q31=$J$14,V31,IF(Q31=$L$8,V31,0)) -> 0 | BM31: =IF(Q31=$J$14,V31,0) -> 0 | BN31: =IF(Q31=$J$14,V31,0) -> 0 | BO31: =IF(Q31=$J$14,V31,0) -> 0 | BP31: =IF(Q31=$K$2,V31,IF(Q31=$K$19,V31,IF(Q31=$J$14,V31,IF(Q31=$K$6,V31,0)))) -> 0 | BQ31: =IF(Q31=$J$14,V31,0) -> 0 | BR31: =IF(Q31=$J$14,V31,0) -> 0 | BS31: =IF(Q31=$J$14,V31,0) -> 0 | BT31: =IF(Q31=$J$14,V31,0) -> 0 | BU31: =IF(Q31=$J$14,V31,IF(Q31=$K$4,V31,0)) -> 0 | BV31: =IF(Q31=$J$14,V31,0) -> 0 | BW31: =IF(Q31=$J$14,V31,0) -> 0 | BX31: =IF(Q31=$J$14,V31,0) -> 0 | BY31: =IF(Q31=$J$14,V31,0) -> 0 | BZ31: =IF(P31="Window",V31,IF(Q31=$J$14,V31,IF(Q31=$F$2,V31,0))) -> 0 | CA31: =IF(Q31=$J$14,V31,IF(Q31=$J$18,V31,0)) -> 0 | CB31: =IF(Q31=$J$14,V31,0) -> 0 | CC31: =IF(Q31=$J$14,V31,0) -> 0 | CD31: =IF(Q31=$J$14,V31,0) -> 0 | CE31: =IF(Q31=$J$14,V31,0) -> 0 | CF31: =IF(Q31=$J$14,V31,0) -> 0 | CG31: =IF(Q31=$J$14,V31,0) -> 0 | CH31: =IF(Q31=$J$14,V31,0) -> 0 | CI31: =IF(Q31=$J$14,V31,0) -> 0 | CJ31: =IF(Q31=$J$14,V31,0) -> 0
... P44: ='Construction and Materials'!B58 -> Pick Assembly | Q44: ='Construction and Materials'!C58 -> Pick Type | R44: ='Construction and Materials'!D58 | S44: =IF(NOT(Q44="Pick Type"),VLOOKUP(Q44,'LCA Data'!$C$8:$S$107,6,FALSE)*Lists!R44,0) -> 0 | T44: =IF(NOT(Q44="Pick Type"),VLOOKUP(Q44,'LCA Data'!$C$8:$S$107,10,FALSE)*Lists!R44,0) -> 0 | U44: =IF(NOT(Q44="Pick Type"),VLOOKUP(Q44,'LCA Data'!$C$8:$S$107,14,FALSE)*Lists!R44,0) -> 0 | V44: =SUM(S44:U44) -> 0 | W44: =IF(NOT(Q44="Pick Type"),VLOOKUP(Q44,'LCA Data'!$C$8:$S$107,7,FALSE)*Lists!R44,0) -> 0 | X44: =IF(NOT(Q44="Pick Type"),VLOOKUP(Q44,'LCA Data'!$C$8:$S$107,11,FALSE)*Lists!R44,0) -> 0 | Y44: =IF(NOT(Q44="Pick Type"),VLOOKUP(Q44,'LCA Data'!$C$8:$S$107,15,FALSE)*Lists!R44,0) -> 0 | Z44: =SUM(W44:Y44) -> 0 | AA44: =IF(NOT(Q44="Pick Type"),VLOOKUP(Q44,'LCA Data'!$C$8:$S$107,8,FALSE)*Lists!R44,0) -> 0 | AB44: =IF(NOT(Q44="Pick Type"),VLOOKUP(Q44,'LCA Data'!$C$8:$S$107,12,FALSE)*Lists!R44,0) -> 0 | AC44: =IF(NOT(Q44="Pick Type"),VLOOKUP(Q44,'LCA Data'!$C$8:$S$107,16,FALSE)*Lists!R44,0) -> 0 | AD44: =SUM(AA44:AC44) -> 0 | AE44: =IF(NOT(Q44="Pick Type"),VLOOKUP(Q44,'LCA Data'!$C$8:$S$107,9,FALSE)*Lists!R44,0) -> 0 | AF44: =IF(NOT(Q44="Pick Type"),VLOOKUP(Q44,'LCA Data'!$C$8:$S$107,13,FALSE)*Lists!R44,0) -> 0 | AG44: =IF(NOT(Q44="Pick Type"),VLOOKUP(Q44,'LCA Data'!$C$8:$S$107,17,FALSE)*Lists!R44,0) -> 0 | AH44: =SUM(AE44:AG44) -> 0 | AI44: =IF(R44=0,NA(),Q44) -> #N/A | AK44: " | AL44: =V44 -> 0 | AM44: =IF(Q44=$J$14,V44,0) -> 0 | AN44: =IF(Q44=$J$14,V44,0) -> 0 | AO44: =IF(Q44=$J$14,V44,0) -> 0 | AP44: =IF(Q44=$J$14,V44,0) -> 0 | AQ44: =IF(Q44=$J$14,V44,0) -> 0 | AR44: =IF(Q44=$J$14,V44,0) -> 0 | AS44: =IF(Q44=$J$14,V44,0) -> 0 | AT44: =IF(Q44=$J$14,V44,0) -> 0 | AU44: =IF(Q44=$J$14,V44,0) -> 0 | AV44: =IF(Q44=$J$14,V44,0) -> 0 | AW44: =IF(Q44=$J$14,V44,0) -> 0 | AX44: =IF(Q44=$J$14,V44,0) -> 0 | AY44: =IF(Q44=$J$14,V44,0) -> 0 | AZ44: =IF(Q44=$J$14,V44,0) -> 0 | BA44: =IF(Q44=$J$14,V44,0) -> 0 | BB44: =IF(Q44=$J$14,V44,0) -> 0 | BC44: =IF(Q44=$J$14,V44,0) -> 0 | BD44: =IF(Q44=$J$14,V44,0) -> 0 | BE44: =IF(Q44=$J$14,V44,0) -> 0 | BF44: =IF(Q44=$J$14,V44,IF(Q44=$F$2,V44,0)) -> 0 | BG44: =IF(Q44=$J$14,V44,IF(Q44=$J$18,V44,0)) -> 0 | BH44: =IF(Q44=$J$14,V44,0) -> 0 | BI44: =IF(Q44=$J$14,V44,0) -> 0 | BJ44: =IF(Q44=$J$14,V44,IF(Q44=$J$17,V44,IF(Q44=$F$8,V44,0))) -> 0 | BK44: =IF(Q44=$J$7,V44,IF(Q44=$J$8,V44,IF(Q44=$J$9,V44,IF(Q44=$J$14,V44,IF(Q44=$J$10,V44,IF(Q44=$J$11,V44,IF(Q44=$J$12,V44,IF(Q44=$J$13,V44,IF(Q44=$K$5,V44,IF(Q44=$K$7,V44,IF(Q44=$K$3,V44,IF(Q44=$K$9,V44,IF(Q44=$K$10,V44,IF(Q44=$L$6,V44,IF(Q44=$E$10,V44,0))))))))))))))) -> 0 | BL44: =IF(Q44=$J$14,V44,IF(Q44=$L$8,V44,0)) -> 0 | BM44: =IF(Q44=$J$14,V44,0) -> 0 | BN44: =IF(Q44=$J$14,V44,0) -> 0 | BO44: =IF(Q44=$J$14,V44,0) -> 0 | BP44: =IF(Q44=$K$2,V44,IF(Q44=$K$19,V44,IF(Q44=$J$14,V44,IF(Q44=$K$6,V44,0)))) -> 0 | BQ44: =IF(Q44=$J$14,V44,0) -> 0 | BR44: =IF(Q44=$J$14,V44,0) -> 0 | BS44: =IF(Q44=$J$14,V44,0) -> 0 | BT44: =IF(Q44=$J$14,V44,0) -> 0 | BU44: =IF(Q44=$J$14,V44,IF(Q44=$K$4,V44,0)) -> 0 | BV44: =IF(Q44=$J$14,V44,0) -> 0 | BW44: =IF(Q44=$J$14,V44,0) -> 0 | BX44: =IF(Q44=$J$14,V44,0) -> 0 | BY44: =IF(Q44=$J$14,V44,0) -> 0 | BZ44: =IF(P44="Window",V44,IF(Q44=$J$14,V44,IF(Q44=$F$2,V44,0))) -> 0 | CA44: =IF(Q44=$J$14,V44,IF(Q44=$J$18,V44,0)) -> 0 | CB44: =IF(Q44=$J$14,V44,0) -> 0 | CC44: =IF(Q44=$J$14,V44,0) -> 0 | CD44: =IF(Q44=$J$14,V44,0) -> 0 | CE44: =IF(Q44=$J$14,V44,0) -> 0 | CF44: =IF(Q44=$J$14,V44,0) -> 0 | CG44: =IF(Q44=$J$14,V44,0) -> 0 | CH44: =IF(Q44=$J$14,V44,0) -> 0 | CI44: =IF(Q44=$J$14,V44,0) -> 0 | CJ44: =IF(Q44=$J$14,V44,0) -> 0
AK45: Use Phase --> | AL45: 0 | AM45: ='Use Phase'!$F$19+'Use Phase'!$F$20+'Use Phase'!$F$23+'Use Phase'!$F$25+'Use Phase'!$F$27+'Use Phase'!$F$29+'Use Phase'!$F$39+'Use Phase'!$F$40 -> 0 | AN45: ='Use Phase'!$F$19+'Use Phase'!$F$20+'Use Phase'!$F$23+'Use Phase'!$F$25+'Use Phase'!$F$27+'Use Phase'!$F$29+'Use Phase'!$F$39+'Use Phase'!$F$40 -> 0 | AO45: ='Use Phase'!$F$19+'Use Phase'!$F$20+'Use Phase'!$F$23+'Use Phase'!$F$25+'Use Phase'!$F$27+'Use Phase'!$F$29+'Use Phase'!$F$39+'Use Phase'!$F$40 -> 0 | AP45: ='Use Phase'!$F$19+'Use Phase'!$F$20+'Use Phase'!$F$23+'Use Phase'!$F$25+'Use Phase'!$F$27+'Use Phase'!$F$29+'Use Phase'!$F$39+'Use Phase'!$F$40 -> 0 | AQ45: ='Use Phase'!$F$19+'Use Phase'!$F$20+'Use Phase'!$F$23+'Use Phase'!$F$25+'Use Phase'!$F$27+'Use Phase'!$F$29+'Use Phase'!$F$39+'Use Phase'!$F$40 -> 0 | AR45: ='Use Phase'!$F$19+'Use Phase'!$F$20+'Use Phase'!$F$23+'Use Phase'!$F$25+'Use Phase'!$F$27+'Use Phase'!$F$29+'Use Phase'!$F$39+'Use Phase'!$F$40 -> 0 | AS45: ='Use Phase'!$F$19+'Use Phase'!$F$20+'Use Phase'!$F$23+'Use Phase'!$F$25+'Use Phase'!$F$27+'Use Phase'!$F$29+'Use Phase'!$F$39+'Use Phase'!$F$40 -> 0 | AT45: ='Use Phase'!$F$19+'Use Phase'!$F$20+'Use Phase'!$F$23+'Use Phase'!$F$25+'Use Phase'!$F$27+'Use Phase'!$F$29+'Use Phase'!$F$39+'Use Phase'!$F$40 -> 0 | ... CJ45: ='Use Phase'!$F$19+'Use Phase'!$F$20+'Use Phase'!$F$23+'Use Phase'!$F$25+'Use Phase'!$F$27+'Use Phase'!$F$29+'Use Phase'!$F$39+'Use Phase'!$F$40 -> 0
S46: Mat. kgCO2 | T46: Trans. kgCO2 | U46: Cons. kgCO2 | V46: Total kgCO2 | W46: Mat. MJ | X46: Trans. MJ | Y46: Cons. MJ | Z46: Total MJ | AA46: Mat. kgH2O | AB46: Trans. kgH2O | AC46: Cons. kgH2O | AD46: Total kgH2O | AE46: Mat. kgCFC11 | AF46: Trans. kgCFC11 | AG46: Cons. kgCFC11 | AH46: Total kgCFC11 | AK46: Period Sum --> | AL46: =SUM(AL4:AL45) -> 4007813.4 | AM46: =SUM(AM4:AM45) -> 0 | AN46: =SUM(AN4:AN45) -> 0 | AO46: =SUM(AO4:AO45) -> 0 | AP46: =SUM(AP4:AP45) -> 0 | AQ46: =SUM(AQ4:AQ45) -> 0 | AR46: =SUM(AR4:AR45) -> 0 | AS46: =SUM(AS4:AS45) -> 0 | ... CJ46: =SUM(CJ4:CJ45) -> 0
S47: =SUM(S4:S44) -> 3514655.9 | T47: =SUM(T4:T44) -> 144763.81 | U47: =SUM(U4:U44) -> 348393.77 | V47: =SUM(V4:V44) -> 4007813.4 | W47: =SUM(W4:W44) -> 23508158 | X47: =SUM(X4:X44) -> 2223532.3 | Y47: =SUM(Y4:Y44) -> 4985215.8 | Z47: =SUM(Z4:Z44) -> 30716906 | ... AH47: =SUM(AH4:AH44) -> 0.14213781 | AK47: Cumulative --> | AL47: =AL46 -> 4007813.4 | AM47: =AL47+AM46 -> 4007813.4 | AN47: =AM47+AN46 -> 4007813.4 | AO47: =AN47+AO46 -> 4007813.4 | AP47: =AO47+AP46 -> 4007813.4 | AQ47: =AP47+AQ46 -> 4007813.4 | AR47: =AQ47+AR46 -> 4007813.4 | AS47: =AR47+AS46 -> 4007813.4 | AT47: =AS47+AT46 -> 4007813.4 | ... CJ47: =CI47+CJ46 -> 4010979.8
S48: =S47/$V$47 -> 0.87695096 | T48: =T47/$V$47 -> 0.036120396 | U48: =U47/$V$47 -> 0.086928639 | V48: =V47/$V$47 -> 1 | W48: =W47/$Z$47 -> 0.7653166 | X48: =X47/$Z$47 -> 0.072387899 | Y48: =Y47/$Z$47 -> 0.1622955 | Z48: =Z47/$Z$47 -> 1 | AA48: =AA47/$AD$47 -> 0.87567468 | AB48: =AB47/$AD$47 -> 0.011056288 | AC48: =AC47/$AD$47 -> 0.11326903 | AD48: =AD47/$AD$47 -> 1 | AE48: =AE47/$AH$47 -> 0.83841002 | AF48: =AF47/$AH$47 -> 0.16148803 | AG48: =AG47/$AH$47 -> 0.00010195903 | AH48: =AH47/$AH$47 -> 1 | AK48: Target --> | AL48: =Results!$C$9 -> 7396873.8 | AM48: =Results!$C$9 -> 7396873.8 | AN48: =Results!$C$9 -> 7396873.8 | AO48: =Results!$C$9 -> 7396873.8 | AP48: =Results!$C$9 -> 7396873.8 | AQ48: =Results!$C$9 -> 7396873.8 | AR48: =Results!$C$9 -> 7396873.8 | AS48: =Results!$C$9 -> 7396873.8 | ... CJ48: =Results!$C$9 -> 7396873.8
AK49: Excess --> | AL49: =IF(AL47>AL48,AL47-AL48,0) -> 0 | AM49: =IF(AM47>AM48,AM47-AM48,0) -> 0 | AN49: =IF(AN47>AN48,AN47-AN48,0) -> 0 | AO49: =IF(AO47>AO48,AO47-AO48,0) -> 0 | AP49: =IF(AP47>AP48,AP47-AP48,0) -> 0 | AQ49: =IF(AQ47>AQ48,AQ47-AQ48,0) -> 0 | AR49: =IF(AR47>AR48,AR47-AR48,0) -> 0 | AS49: =IF(AS47>AS48,AS47-AS48,0) -> 0 | ... CJ49: =IF(CJ47>CJ48,CJ47-CJ48,0) -> 0
P50: *VLOOKUP(Q4,'LCA Data'!$C$8:$T$95,18,FALSE) | AK50: Price ($/tonne) | AL50: 30 | AM50: 30 | AN50: 30 | AO50: 30 | AP50: 30 | AQ50: 30 | AR50: 30 | AS50: 30 | AT50: 30 | AU50: 30 | AV50: 30 | AW50: 30 | AX50: 30 | AY50: 30 | AZ50: 30 | BA50: 30 | BB50: 30 | BC50: 30 | BD50: 30 | BE50: 30 | BF50: 30 | BG50: 30 | BH50: 30 | BI50: 30 | BJ50: 30 | BK50: 30 | BL50: 30 | BM50: 30 | BN50: 30 | BO50: 30 | BP50: 30 | BQ50: 30 | BR50: 30 | BS50: 30 | BT50: 30 | BU50: 30 | BV50: 30 | BW50: 30 | BX50: 30 | BY50: 30 | BZ50: 30 | CA50: 30 | CB50: 30 | CC50: 30 | CD50: 30 | CE50: 30 | CF50: 30 | CG50: 30 | CH50: 30 | CI50: 30 | CJ50: 30
AK51: Cost --> | AL51: =AL49/1000*AL50 -> 0 | AM51: =AM49/1000*AM50 -> 0 | AN51: =AN49/1000*AN50 -> 0 | AO51: =AO49/1000*AO50 -> 0 | AP51: =AP49/1000*AP50 -> 0 | AQ51: =AQ49/1000*AQ50 -> 0 | AR51: =AR49/1000*AR50 -> 0 | AS51: =AS49/1000*AS50 -> 0 | ... CJ51: =CJ49/1000*CJ50 -> 0 | CK51: =CJ51 -> 0
